shirtNo,team,playerId,name,minutes,prog_passes,prog_carries,defensive_actions,suc_take_ons,total_passes,suc_passes,take_ons,xt,final_third_entries,final_third_passes,penalty_box_entries,penalty_box_passes,key_passes
1.0,Arouca,291654.0,Victor Braga,2160.0,138.0,4.0,61.0,0.0,767.0,474.0,0.0,1.05269886,0.0,22.0,0.0,1.0,0.0
1.0,Belenenses-SAD,422229.0,Luiz Felipe,2880.0,167.0,1.0,90.0,0.0,1069.0,673.0,0.0,1.1536154199999995,0.0,29.0,0.0,1.0,0.0
1.0,Boavista,35211.0,Bracali,2385.0,170.0,5.0,72.0,1.0,829.0,527.0,1.0,1.2982485199999996,0.0,28.0,0.0,0.0,1.0
1.0,Braga,296521.0,Matheus,2880.0,130.0,8.0,54.0,0.0,1263.0,938.0,0.0,0.7439619499999995,0.0,20.0,0.0,0.0,0.0
1.0,Famalicao,369464.0,Ivan Zlobin,90.0,3.0,0.0,1.0,0.0,28.0,21.0,0.0,0.0069488199999999,0.0,0.0,0.0,0.0,0.0
1.0,Gil-Vicente,124712.0,Stanislav Kritsyuk,360.0,21.0,0.0,11.0,1.0,166.0,118.0,1.0,0.20430362,0.0,8.0,0.0,0.0,0.0
1.0,Gil-Vicente,412202.0,Ziga Frelih,1710.0,92.0,2.0,40.0,1.0,607.0,442.0,1.0,0.7131672199999999,0.0,18.0,0.0,0.0,0.0
1.0,Maritimo,322791.0,Miguel Silva,360.0,10.0,1.0,12.0,0.0,139.0,111.0,0.0,0.0502473499999999,0.0,1.0,0.0,0.0,0.0
1.0,Moreirense,408374.0,Kewin,1440.0,78.0,2.0,31.0,0.0,474.0,276.0,0.0,0.6411075899999997,0.0,25.0,0.0,1.0,0.0
1.0,Porto,125622.0,Agustín Marchesín,93.0,2.0,0.0,0.0,0.0,10.0,4.0,0.0,0.01805197,0.0,0.0,0.0,0.0,0.0
1.0,Santa-Clara,344541.0,Ricardo Fernandes,534.0,15.0,0.0,5.0,0.0,192.0,118.0,0.0,0.1129532199999999,0.0,4.0,0.0,0.0,0.0
1.0,Sporting,23285.0,Antonio Adán,2970.0,100.0,13.0,70.0,1.0,1098.0,924.0,1.0,0.3919326799999992,0.0,11.0,0.0,0.0,0.0
1.0,Vizela,361808.0,Pedro Silva,1710.0,53.0,1.0,36.0,0.0,458.0,310.0,0.0,0.3413929599999996,0.0,5.0,0.0,0.0,0.0
2.0,Belenenses-SAD,369083.0,Diogo Calila,1930.0,106.0,67.0,217.0,9.0,877.0,643.0,33.0,2.38110547,23.0,44.0,6.0,17.0,1.0
2.0,Benfica,119542.0,Gilberto,1349.0,99.0,114.0,189.0,26.0,1018.0,807.0,55.0,2.77775124,51.0,79.0,5.0,27.0,4.0
2.0,Boavista,333946.0,Reggie Cannon,1752.0,77.0,40.0,208.0,11.0,954.0,796.0,13.0,0.8286375899999997,11.0,48.0,0.0,2.0,2.0
2.0,Braga,421975.0,Yan Couto,1798.0,130.0,178.0,204.0,32.0,1277.0,995.0,61.0,3.8382430800000007,47.0,77.0,28.0,33.0,13.0
2.0,Estoril,421891.0,Carles Soria Grau,1839.0,114.0,73.0,187.0,8.0,1028.0,836.0,17.0,2.240301089999999,25.0,73.0,0.0,20.0,4.0
2.0,Famalicao,384886.0,Diogo Queirós,0.0,0.0,0.0,2.0,0.0,0.0,0.0,0.0,0.0,0.0,0.0,0.0,0.0,0.0
2.0,Gil-Vicente,404281.0,Zé Carlos,2463.0,218.0,136.0,324.0,28.0,1857.0,1450.0,72.0,3.88685954,35.0,116.0,9.0,29.0,7.0
2.0,Maritimo,101952.0,Claudio Winck,2670.0,192.0,141.0,288.0,44.0,1273.0,883.0,86.0,4.007130060000001,58.0,87.0,5.0,22.0,5.0
2.0,Moreirense,422950.0,Rodrigo Conceição,392.0,21.0,35.0,42.0,11.0,201.0,143.0,23.0,1.0287688099999996,11.0,17.0,8.0,6.0,2.0
2.0,Pacos-de-Ferreira,322640.0,Marco Baixinho,2185.0,137.0,57.0,237.0,2.0,1185.0,1011.0,3.0,1.85908673,3.0,81.0,0.0,1.0,1.0
2.0,Portimonense,422210.0,Jeferson Bahia,13.0,1.0,0.0,3.0,0.0,5.0,3.0,0.0,0.00656461,0.0,1.0,0.0,0.0,0.0
2.0,Porto,322771.0,Fábio Cardoso,1069.0,36.0,27.0,91.0,2.0,707.0,647.0,3.0,0.6698243499999998,1.0,32.0,1.0,1.0,0.0
2.0,Santa-Clara,271550.0,Rafael Ramos,1865.0,124.0,63.0,241.0,12.0,906.0,639.0,21.0,4.705033320000002,25.0,54.0,1.0,36.0,1.0
2.0,Sporting,283978.0,Matheus Reis,2080.0,125.0,170.0,226.0,22.0,1722.0,1518.0,29.0,3.57516632,40.0,126.0,2.0,18.0,5.0
2.0,Vizela,421850.0,Hugo Oliveira,5.0,0.0,0.0,0.0,0.0,4.0,4.0,0.0,0.00308387,0.0,0.0,0.0,0.0,0.0
3.0,Arouca,416507.0,Brunão,17.0,0.0,1.0,3.0,0.0,7.0,6.0,0.0,0.00512736,0.0,0.0,0.0,0.0,0.0
3.0,Benfica,107252.0,Alejandro Grimaldo,2325.0,191.0,179.0,280.0,17.0,1903.0,1544.0,48.0,9.235178289999997,51.0,118.0,8.0,77.0,17.0
3.0,Boavista,256974.0,Marcelo Djaló,55.0,0.0,1.0,9.0,0.0,22.0,17.0,0.0,-0.00165937,0.0,0.0,0.0,0.0,0.0
3.0,Braga,363935.0,Vítor Tormena,1860.0,113.0,86.0,252.0,7.0,1414.0,1172.0,12.0,2.29900129,16.0,112.0,0.0,8.0,0.0
3.0,Estoril,421890.0,Bernardo Vital,1395.0,37.0,72.0,134.0,1.0,733.0,630.0,1.0,0.4544897699999993,2.0,29.0,0.0,0.0,0.0
3.0,Famalicao,136435.0,Rúben Lima,550.0,48.0,9.0,57.0,4.0,287.0,194.0,7.0,1.07350735,4.0,31.0,1.0,6.0,2.0
3.0,Gil-Vicente,334129.0,Lucas Cunha,2880.0,235.0,115.0,305.0,2.0,2203.0,1913.0,2.0,3.57333231,6.0,159.0,0.0,11.0,3.0
3.0,Maritimo,401126.0,Moises Castillo Mosquera,19.0,0.0,0.0,1.0,0.0,4.0,2.0,0.0,0.0031495699999999,0.0,0.0,0.0,0.0,0.0
3.0,Moreirense,322792.0,Lazar Rosic,2610.0,124.0,60.0,331.0,0.0,1254.0,963.0,1.0,1.73407955,3.0,89.0,0.0,2.0,0.0
3.0,Pacos-de-Ferreira,423078.0,Nuno Lima,974.0,46.0,3.0,133.0,2.0,557.0,468.0,2.0,0.7211093999999997,1.0,23.0,0.0,0.0,1.0
3.0,Portimonense,342696.0,Lucas Possignolo,2061.0,108.0,45.0,268.0,0.0,1138.0,961.0,0.0,1.3885866099999995,1.0,54.0,0.0,3.0,1.0
3.0,Porto,10105.0,Pepe,1887.0,115.0,37.0,227.0,1.0,1298.0,1156.0,2.0,2.04993076,3.0,81.0,0.0,8.0,4.0
3.0,Santa-Clara,318502.0,Mikel Villanueva,1785.0,91.0,40.0,227.0,5.0,1018.0,880.0,8.0,1.1820536999999995,0.0,38.0,0.0,2.0,3.0
3.0,Sporting,106597.0,Zouhair Feddal,1014.0,47.0,50.0,93.0,1.0,828.0,741.0,2.0,0.9448423099999996,8.0,44.0,0.0,2.0,0.0
3.0,Tondela,369863.0,Neto Borges,2157.0,133.0,115.0,307.0,36.0,1092.0,813.0,53.0,3.02421338,30.0,66.0,9.0,22.0,1.0
3.0,Vizela,331637.0,Bruno Wilson,1418.0,75.0,35.0,155.0,0.0,626.0,493.0,0.0,1.1151711199999996,5.0,50.0,0.0,1.0,2.0
4.0,Arouca,40822.0,José Manuel Velázquez,360.0,7.0,8.0,47.0,0.0,139.0,116.0,0.0,0.08847595,0.0,5.0,0.0,0.0,0.0
4.0,Belenenses-SAD,383607.0,Tomás Ribeiro,1530.0,70.0,27.0,206.0,5.0,892.0,714.0,6.0,1.4283686699999996,7.0,46.0,2.0,9.0,3.0
4.0,Benfica,300640.0,Lucas Veríssimo,838.0,58.0,31.0,103.0,1.0,677.0,599.0,2.0,0.9396630999999996,8.0,35.0,0.0,1.0,1.0
4.0,Boavista,105974.0,Tiago Ilori,505.0,18.0,8.0,73.0,2.0,282.0,244.0,3.0,0.4468307499999998,0.0,14.0,0.0,0.0,0.0
4.0,Braga,361852.0,Diogo Leite,1854.0,101.0,66.0,253.0,3.0,1569.0,1331.0,6.0,1.7588477,23.0,116.0,0.0,2.0,1.0
4.0,Estoril,361912.0,Lucas Áfrico,968.0,36.0,37.0,94.0,2.0,511.0,460.0,2.0,0.2781258199999994,1.0,18.0,0.0,1.0,0.0
4.0,Famalicao,365413.0,Alex,1476.0,64.0,47.0,181.0,2.0,708.0,621.0,4.0,0.7051242099999995,1.0,33.0,1.0,0.0,0.0
4.0,Gil-Vicente,410154.0,Diogo Silva,225.0,6.0,3.0,19.0,1.0,165.0,156.0,3.0,0.0373213099999997,0.0,2.0,0.0,0.0,0.0
4.0,Maritimo,422005.0,Matheus Costa,1900.0,83.0,90.0,268.0,7.0,1147.0,1000.0,13.0,0.9354891999999996,6.0,42.0,1.0,0.0,0.0
4.0,Moreirense,328016.0,Artur Jorge,1999.0,67.0,26.0,265.0,1.0,811.0,617.0,2.0,1.0398097799999997,5.0,47.0,0.0,0.0,1.0
4.0,Pacos-de-Ferreira,433139.0,Pedro Ganchas,141.0,1.0,1.0,17.0,1.0,74.0,65.0,1.0,0.04413769,0.0,0.0,0.0,0.0,0.0
4.0,Portimonense,380545.0,Willyan,2187.0,117.0,40.0,331.0,6.0,1173.0,933.0,6.0,1.6543433400000005,10.0,67.0,1.0,3.0,1.0
4.0,Santa-Clara,422199.0,Kennedy Boateng,2097.0,51.0,18.0,296.0,2.0,910.0,757.0,4.0,0.6231406799999992,0.0,17.0,0.0,0.0,0.0
4.0,Sporting,71268.0,Sebastián Coates,2676.0,176.0,95.0,317.0,12.0,2011.0,1762.0,17.0,3.03206018,5.0,130.0,0.0,10.0,0.0
4.0,Tondela,392017.0,Jota Gonçalves,373.0,20.0,12.0,48.0,0.0,183.0,155.0,0.0,0.2989373299999998,0.0,18.0,0.0,0.0,0.0
4.0,Vitoria-de-Guimaraes,361908.0,Toni Borevkovic,2024.0,89.0,59.0,232.0,1.0,1125.0,957.0,1.0,1.26658255,1.0,67.0,0.0,0.0,0.0
4.0,Vizela,362492.0,Ivanildo Fernandes,1451.0,61.0,22.0,176.0,5.0,646.0,531.0,7.0,0.6211915399999999,2.0,27.0,0.0,1.0,0.0
5.0,Arouca,36712.0,David Simão,1173.0,75.0,20.0,110.0,7.0,610.0,478.0,12.0,2.76202959,8.0,44.0,0.0,25.0,3.0
5.0,Belenenses-SAD,384385.0,Nilton Varela,778.0,38.0,26.0,99.0,6.0,236.0,153.0,19.0,0.7192253899999999,6.0,19.0,2.0,6.0,0.0
5.0,Benfica,21778.0,Jan Vertonghen,2484.0,180.0,116.0,281.0,8.0,1891.0,1681.0,8.0,2.62736985,6.0,154.0,2.0,3.0,1.0
5.0,Boavista,290842.0,Chidozie Awaziem,270.0,14.0,2.0,39.0,0.0,123.0,105.0,0.0,0.1868233099999999,0.0,10.0,0.0,0.0,0.0
5.0,Braga,140118.0,Nuno Sequeira,446.0,50.0,14.0,66.0,2.0,414.0,333.0,3.0,1.1965595800000002,4.0,35.0,0.0,8.0,0.0
5.0,Estoril,429092.0,Volnei Feltes,156.0,2.0,14.0,18.0,1.0,70.0,64.0,1.0,0.01165386,0.0,1.0,0.0,0.0,0.0
5.0,Famalicao,243271.0,Adrián Marín,2301.0,252.0,61.0,285.0,23.0,1235.0,935.0,31.0,5.067974460000001,17.0,109.0,5.0,34.0,4.0
5.0,Famalicao,271086.0,Calvin Verdonk,14.0,2.0,0.0,0.0,0.0,4.0,3.0,0.0,0.21964606,0.0,1.0,0.0,1.0,0.0
5.0,Gil-Vicente,298403.0,Emmanuel Hackman,655.0,56.0,19.0,83.0,1.0,507.0,386.0,5.0,0.6179811599999995,4.0,44.0,0.0,3.0,2.0
5.0,Maritimo,137058.0,Zainadine Júnior,2880.0,143.0,69.0,416.0,7.0,1776.0,1523.0,13.0,2.27628808,5.0,65.0,0.0,2.0,2.0
5.0,Moreirense,367812.0,Abdu Conté,1377.0,94.0,70.0,123.0,23.0,753.0,566.0,37.0,1.7650821299999997,22.0,61.0,5.0,14.0,3.0
5.0,Pacos-de-Ferreira,23621.0,Antunes,2544.0,240.0,106.0,301.0,15.0,1621.0,1103.0,50.0,9.2366839,39.0,133.0,3.0,67.0,17.0
5.0,Portimonense,373033.0,Fali Candé,1312.0,94.0,47.0,142.0,14.0,729.0,503.0,27.0,3.29410376,16.0,49.0,3.0,23.0,4.0
5.0,Porto,28521.0,Iván Marcano,659.0,39.0,12.0,74.0,1.0,453.0,390.0,4.0,0.9007690799999998,5.0,44.0,0.0,3.0,0.0
5.0,Santa-Clara,234374.0,João Afonso,1116.0,37.0,29.0,132.0,2.0,480.0,385.0,3.0,0.6341790099999998,2.0,23.0,0.0,0.0,3.0
5.0,Sporting,395221.0,Nuno Mendes,113.0,11.0,10.0,14.0,0.0,86.0,69.0,1.0,0.3609001799999999,3.0,4.0,0.0,3.0,1.0
5.0,Tondela,375327.0,Modibo Sagnan,2251.0,90.0,51.0,312.0,8.0,1037.0,825.0,17.0,1.3012841299999995,6.0,43.0,0.0,1.0,2.0
5.0,Vitoria-de-Guimaraes,302664.0,Rafa Soares,2542.0,185.0,94.0,261.0,8.0,1456.0,1040.0,22.0,4.89331031,45.0,87.0,9.0,45.0,10.0
5.0,Vizela,416912.0,Anderson,1530.0,48.0,16.0,178.0,0.0,606.0,480.0,1.0,0.9391977499999996,0.0,28.0,0.0,0.0,1.0
6.0,Arouca,416502.0,Mateus Quaresma,2436.0,164.0,116.0,302.0,38.0,1434.0,1047.0,68.0,2.29993128,29.0,102.0,4.0,24.0,2.0
6.0,Belenenses-SAD,105745.0,Afonso Taira,18.0,2.0,0.0,2.0,0.0,15.0,10.0,0.0,0.0141624099999999,0.0,2.0,0.0,0.0,0.0
6.0,Boavista,12378.0,Javi García,1238.0,23.0,19.0,91.0,0.0,487.0,422.0,0.0,0.2459710799999998,1.0,17.0,0.0,0.0,0.0
6.0,Estoril,142746.0,Francisco Geraldes,1641.0,57.0,57.0,158.0,28.0,630.0,478.0,57.0,1.56504357,23.0,62.0,5.0,18.0,4.0
6.0,Famalicao,316532.0,Charles Pickel,2372.0,58.0,29.0,294.0,6.0,1041.0,866.0,12.0,0.4869519499999998,13.0,73.0,0.0,3.0,3.0
6.0,Gil-Vicente,137128.0,João Afonso,17.0,2.0,0.0,3.0,0.0,22.0,21.0,0.0,0.0369104599999998,0.0,3.0,0.0,0.0,0.0
6.0,Maritimo,430399.0,Filipe Cardoso,16.0,2.0,0.0,0.0,0.0,18.0,17.0,0.0,-0.0009632,0.0,0.0,0.0,0.0,0.0
6.0,Moreirense,322766.0,Fábio Pacheco,1932.0,40.0,15.0,228.0,2.0,607.0,454.0,2.0,0.6213418099999996,7.0,46.0,1.0,4.0,1.0
6.0,Pacos-de-Ferreira,380682.0,Maracás,2066.0,53.0,23.0,291.0,6.0,944.0,801.0,8.0,0.6980822999999997,1.0,25.0,0.0,0.0,0.0
6.0,Portimonense,422208.0,Henrique Jocú,581.0,16.0,11.0,55.0,2.0,260.0,204.0,2.0,0.0135804500000002,2.0,15.0,0.0,0.0,0.0
6.0,Santa-Clara,130450.0,Mansur,2001.0,98.0,33.0,233.0,12.0,1014.0,784.0,27.0,1.6674454899999995,10.0,67.0,1.0,14.0,2.0
6.0,Sporting,322774.0,João Palhinha,1877.0,51.0,35.0,251.0,15.0,1072.0,936.0,27.0,0.8146115699999997,10.0,102.0,2.0,1.0,2.0
6.0,Tondela,380894.0,Pedro Augusto,1991.0,47.0,36.0,256.0,20.0,796.0,642.0,25.0,0.0706774399999993,12.0,45.0,0.0,8.0,0.0
6.0,Vitoria-de-Guimaraes,400844.0,Abdul Mumin,2277.0,65.0,48.0,278.0,8.0,1183.0,999.0,15.0,1.3792577799999994,2.0,72.0,0.0,0.0,0.0
6.0,Vizela,36137.0,Claudemir,2010.0,117.0,45.0,228.0,11.0,1255.0,1019.0,16.0,2.91910799,12.0,105.0,1.0,33.0,5.0
7.0,Arouca,351703.0,André Silva,2630.0,37.0,87.0,127.0,35.0,740.0,504.0,59.0,0.9213090299999994,41.0,41.0,18.0,12.0,9.0
7.0,Belenenses-SAD,235920.0,Pedro Nuno,1418.0,39.0,41.0,97.0,6.0,454.0,341.0,14.0,1.4653708199999995,23.0,42.0,2.0,19.0,4.0
7.0,Benfica,146760.0,Éverton,1605.0,86.0,158.0,140.0,34.0,686.0,523.0,85.0,5.194694010000001,51.0,43.0,22.0,47.0,7.0
7.0,Boavista,280768.0,Kenji Gorré,1666.0,29.0,120.0,116.0,39.0,426.0,313.0,108.0,2.37498889,41.0,18.0,31.0,14.0,11.0
7.0,Estoril,347858.0,Jordi Mboula,968.0,18.0,49.0,52.0,13.0,213.0,154.0,27.0,1.01580526,14.0,7.0,14.0,15.0,7.0
7.0,Estoril,421894.0,Chiquinho,844.0,14.0,47.0,69.0,21.0,164.0,92.0,42.0,0.8144297899999998,16.0,6.0,12.0,8.0,0.0
7.0,Famalicao,119622.0,Ivo Rodrigues,1871.0,108.0,148.0,179.0,39.0,882.0,646.0,89.0,5.1972821,49.0,50.0,12.0,36.0,21.0
7.0,Gil-Vicente,345380.0,Bilel Aouacheria,644.0,13.0,41.0,50.0,13.0,237.0,168.0,28.0,0.5390027699999999,15.0,8.0,5.0,6.0,2.0
7.0,Maritimo,361831.0,André Vidigal,2159.0,44.0,131.0,168.0,38.0,590.0,433.0,88.0,1.70650358,46.0,24.0,18.0,22.0,5.0
7.0,Moreirense,325220.0,Walterson,1431.0,35.0,76.0,167.0,26.0,448.0,286.0,70.0,0.8201109799999999,31.0,22.0,6.0,17.0,2.0
7.0,Pacos-de-Ferreira,343089.0,Hélder Ferreira,1631.0,61.0,55.0,132.0,14.0,689.0,482.0,29.0,1.88506382,16.0,35.0,7.0,21.0,11.0
7.0,Portimonense,342697.0,Ewerton,734.0,22.0,22.0,89.0,5.0,364.0,301.0,10.0,0.0981556599999998,6.0,26.0,0.0,2.0,2.0
7.0,Porto,377168.0,Luis Díaz,1504.0,47.0,160.0,98.0,46.0,667.0,535.0,79.0,2.54484495,39.0,30.0,56.0,24.0,18.0
7.0,Santa-Clara,281935.0,Allano,1140.0,31.0,84.0,129.0,27.0,445.0,325.0,55.0,1.05757522,25.0,25.0,10.0,12.0,3.0
7.0,Sporting,342699.0,Bruno Tabata,398.0,19.0,26.0,53.0,14.0,229.0,174.0,19.0,1.97766431,9.0,16.0,1.0,14.0,5.0
7.0,Tondela,91775.0,Salvador Agra,2624.0,105.0,136.0,171.0,22.0,941.0,615.0,56.0,5.58013561,38.0,49.0,15.0,53.0,12.0
7.0,Vitoria-de-Guimaraes,5964.0,Ricardo Quaresma,981.0,56.0,62.0,46.0,12.0,416.0,283.0,36.0,3.8170169,18.0,15.0,10.0,38.0,7.0
7.0,Vizela,361919.0,Osama Rashid,583.0,22.0,12.0,46.0,2.0,288.0,217.0,3.0,0.6976079900000002,3.0,30.0,1.0,3.0,0.0
8.0,Arouca,96271.0,Arsénio,2193.0,74.0,79.0,149.0,28.0,729.0,514.0,57.0,2.9493857500000003,27.0,42.0,7.0,36.0,8.0
8.0,Belenenses-SAD,386978.0,Yaya,1554.0,52.0,30.0,204.0,13.0,744.0,608.0,19.0,0.4720547500000003,6.0,52.0,0.0,5.0,2.0
8.0,Boavista,295756.0,Gustavo Sauer,2312.0,94.0,101.0,186.0,46.0,705.0,507.0,88.0,6.0945019700000005,53.0,61.0,9.0,64.0,17.0
8.0,Braga,381792.0,Al Musrati,2567.0,164.0,65.0,356.0,7.0,1748.0,1472.0,15.0,2.1983858200000004,23.0,196.0,1.0,16.0,8.0
8.0,Estoril,421896.0,Luciano Vega,7.0,0.0,0.0,4.0,1.0,5.0,3.0,2.0,-0.0024483499999999,0.0,0.0,0.0,0.0,0.0
8.0,Estoril,426923.0,Rodrigo Valente,40.0,0.0,1.0,4.0,1.0,17.0,13.0,1.0,0.0768707799999999,0.0,1.0,1.0,1.0,0.0
8.0,Famalicao,373108.0,Pedro Brazão,466.0,14.0,16.0,35.0,8.0,108.0,78.0,21.0,0.2167533599999997,9.0,12.0,0.0,3.0,0.0
8.0,Gil-Vicente,322643.0,Pedrinho,2887.0,220.0,89.0,342.0,27.0,1859.0,1446.0,45.0,9.0851188,29.0,238.0,1.0,77.0,10.0
8.0,Maritimo,357533.0,Rafik Guitane,1909.0,61.0,160.0,129.0,72.0,701.0,550.0,161.0,1.6488531700000004,51.0,55.0,22.0,24.0,7.0
8.0,Moreirense,370018.0,Ibrahima Camará,1703.0,85.0,53.0,187.0,24.0,765.0,541.0,42.0,3.52049221,15.0,89.0,5.0,23.0,4.0
8.0,Pacos-de-Ferreira,401257.0,Abbas Ibrahim,177.0,5.0,4.0,28.0,2.0,94.0,84.0,3.0,0.0002084899999996,0.0,4.0,0.0,0.0,0.0
8.0,Portimonense,317741.0,Lucas Fernandes,1493.0,57.0,72.0,126.0,15.0,739.0,641.0,31.0,2.9384145,29.0,69.0,3.0,18.0,3.0
8.0,Porto,114301.0,Mateus Uribe,1999.0,109.0,32.0,309.0,16.0,1339.0,1148.0,20.0,2.54190669,14.0,141.0,3.0,21.0,3.0
8.0,Santa-Clara,101748.0,Anderson Carvalho,1905.0,57.0,27.0,235.0,13.0,702.0,527.0,20.0,0.3882673899999995,4.0,48.0,4.0,5.0,0.0
8.0,Sporting,394933.0,Matheus Nunes,2567.0,91.0,203.0,277.0,81.0,1433.0,1216.0,123.0,1.6775333999999995,70.0,125.0,12.0,31.0,10.0
8.0,Tondela,119089.0,João Pedro,1917.0,90.0,30.0,176.0,10.0,837.0,559.0,21.0,1.5170919099999995,9.0,91.0,1.0,13.0,1.0
8.0,Vitoria-de-Guimaraes,276037.0,Ruben Lameiras,1531.0,40.0,86.0,106.0,24.0,435.0,301.0,61.0,0.7677416999999996,24.0,25.0,19.0,18.0,4.0
8.0,Vizela,143050.0,Raphael Guzzo,814.0,40.0,22.0,95.0,4.0,500.0,399.0,12.0,1.2359529,6.0,49.0,0.0,7.0,1.0
9.0,Arouca,130920.0,Omri Altman,135.0,5.0,1.0,13.0,0.0,49.0,39.0,1.0,0.16458097,0.0,4.0,1.0,2.0,0.0
9.0,Arouca,416506.0,Mauro Caballero,4.0,0.0,0.0,0.0,0.0,3.0,2.0,0.0,-0.0012582599999999,0.0,0.0,0.0,0.0,0.0
9.0,Belenenses-SAD,322162.0,Mateo Cassierra,171.0,4.0,6.0,9.0,2.0,37.0,30.0,3.0,0.2726544499999999,2.0,3.0,0.0,2.0,1.0
9.0,Benfica,400828.0,Darwin Núñez,1983.0,34.0,136.0,86.0,39.0,468.0,293.0,86.0,2.383898980000001,31.0,24.0,47.0,21.0,12.0
9.0,Boavista,404198.0,Petar Musa,2320.0,23.0,40.0,116.0,25.0,551.0,355.0,52.0,0.3416565899999995,17.0,31.0,8.0,7.0,7.0
9.0,Braga,372828.0,Abel Ruiz,1379.0,9.0,52.0,55.0,20.0,349.0,275.0,29.0,0.6205061899999998,10.0,13.0,11.0,9.0,6.0
9.0,Estoril,354446.0,André Clóvis,865.0,6.0,18.0,49.0,4.0,140.0,99.0,14.0,0.2271406300000001,6.0,5.0,8.0,4.0,0.0
9.0,Famalicao,365414.0,Marcos Paulo,682.0,19.0,27.0,52.0,17.0,193.0,140.0,33.0,0.3885557899999999,7.0,15.0,3.0,6.0,1.0
9.0,Gil-Vicente,369398.0,Fran Navarro,2621.0,10.0,27.0,106.0,10.0,405.0,319.0,25.0,-0.3593063299999988,14.0,19.0,7.0,4.0,3.0
9.0,Maritimo,403771.0,Ali Alipour,1795.0,6.0,35.0,83.0,15.0,358.0,248.0,31.0,-0.3927572499999996,5.0,15.0,11.0,6.0,4.0
9.0,Moreirense,363792.0,André Luís,1325.0,29.0,19.0,82.0,14.0,405.0,253.0,24.0,0.7188835499999997,10.0,34.0,3.0,9.0,4.0
9.0,Pacos-de-Ferreira,380685.0,Uilton,1886.0,40.0,92.0,171.0,22.0,617.0,456.0,33.0,1.552705079999999,37.0,35.0,5.0,13.0,5.0
9.0,Portimonense,106408.0,Fabrício,1331.0,12.0,34.0,70.0,11.0,297.0,174.0,27.0,0.1043461800000003,12.0,19.0,7.0,7.0,2.0
9.0,Porto,358801.0,Mehdi Taremi,2430.0,60.0,110.0,142.0,21.0,688.0,503.0,55.0,3.15123307,52.0,46.0,34.0,31.0,18.0
9.0,Santa-Clara,422201.0,Mohamed Bouldini,149.0,1.0,3.0,7.0,2.0,44.0,26.0,3.0,-0.0021812100000002,2.0,2.0,2.0,0.0,0.0
9.0,Sporting,108055.0,Islam Slimani,432.0,3.0,10.0,18.0,2.0,113.0,78.0,2.0,-0.0231769499999998,7.0,4.0,0.0,4.0,1.0
9.0,Vitoria-de-Guimaraes,382261.0,Bruno Duarte,1007.0,14.0,19.0,48.0,6.0,235.0,159.0,9.0,-0.0139944199999999,9.0,16.0,5.0,10.0,3.0
9.0,Vizela,119543.0,Cassiano,1676.0,18.0,43.0,69.0,7.0,298.0,181.0,16.0,0.1592739699999997,19.0,13.0,9.0,4.0,7.0
10.0,Arouca,298402.0,André Bukia,2575.0,64.0,160.0,210.0,45.0,630.0,442.0,136.0,1.44139038,60.0,34.0,24.0,22.0,8.0
10.0,Belenenses-SAD,400848.0,Afonso Sousa,2293.0,70.0,112.0,177.0,36.0,924.0,767.0,73.0,1.8414908300000008,51.0,76.0,5.0,20.0,4.0
10.0,Benfica,148484.0,Gian-Luca Waldschmidt,141.0,4.0,8.0,9.0,1.0,50.0,39.0,3.0,0.19788344,1.0,3.0,3.0,2.0,0.0
10.0,Boavista,389065.0,Miguel Reisinho,41.0,1.0,0.0,11.0,0.0,13.0,11.0,0.0,0.2242164599999999,0.0,1.0,0.0,1.0,1.0
10.0,Braga,322689.0,André Horta,1572.0,103.0,128.0,147.0,25.0,1146.0,998.0,34.0,2.01237397,29.0,127.0,6.0,22.0,6.0
10.0,Estoril,421893.0,André Franco,2531.0,83.0,96.0,208.0,36.0,844.0,594.0,56.0,4.97497333,29.0,66.0,10.0,48.0,7.0
10.0,Famalicao,402892.0,Iván Jaime,1269.0,30.0,104.0,103.0,34.0,451.0,353.0,66.0,0.95350576,42.0,30.0,13.0,17.0,9.0
10.0,Gil-Vicente,402797.0,Kanya Fujimoto,2488.0,109.0,99.0,152.0,19.0,1032.0,835.0,38.0,3.75034135,43.0,97.0,11.0,46.0,11.0
10.0,Maritimo,123359.0,Stefano Beltrame,1393.0,64.0,55.0,137.0,18.0,639.0,525.0,33.0,3.3472168200000003,16.0,53.0,1.0,28.0,6.0
10.0,Moreirense,261990.0,Felipe Pires,1158.0,43.0,81.0,91.0,14.0,481.0,344.0,26.0,2.34077189,29.0,15.0,14.0,31.0,5.0
10.0,Pacos-de-Ferreira,131384.0,Denilson,1865.0,15.0,44.0,86.0,18.0,348.0,248.0,40.0,-0.0530399699999989,18.0,12.0,15.0,12.0,7.0
10.0,Portimonense,345275.0,Shoya Nakajima,1772.0,56.0,94.0,109.0,34.0,536.0,390.0,69.0,3.9768072,38.0,63.0,12.0,31.0,3.0
10.0,Porto,409221.0,Francisco Conceição,477.0,17.0,65.0,41.0,15.0,240.0,202.0,31.0,0.7561970199999998,17.0,9.0,21.0,15.0,4.0
10.0,Santa-Clara,279478.0,Lincoln,2784.0,177.0,113.0,229.0,22.0,1458.0,1082.0,37.0,9.54468231,53.0,132.0,7.0,70.0,19.0
10.0,Sporting,361964.0,Jovane Cabral,343.0,10.0,18.0,20.0,5.0,122.0,87.0,7.0,0.3883310999999999,1.0,11.0,5.0,2.0,3.0
10.0,Tondela,283364.0,Jhon Murillo,1077.0,19.0,52.0,72.0,12.0,301.0,231.0,26.0,0.3978363699999997,15.0,10.0,17.0,4.0,5.0
10.0,Tondela,365107.0,Javier Avilés,151.0,5.0,11.0,15.0,5.0,51.0,27.0,13.0,0.3020643399999999,8.0,4.0,0.0,2.0,0.0
10.0,Vitoria-de-Guimaraes,279177.0,Marcus Edwards,1288.0,39.0,112.0,72.0,46.0,377.0,296.0,77.0,2.1712700700000003,40.0,28.0,26.0,27.0,8.0
10.0,Vizela,421843.0,Kiko Bondoso,2743.0,87.0,134.0,227.0,25.0,923.0,698.0,69.0,4.63940103,46.0,60.0,27.0,28.0,17.0
11.0,Arouca,416505.0,Adilio,152.0,2.0,5.0,20.0,1.0,40.0,27.0,4.0,0.03498575,2.0,1.0,0.0,1.0,1.0
11.0,Belenenses-SAD,402366.0,Andrijia Lukovic,896.0,39.0,17.0,76.0,3.0,366.0,259.0,7.0,1.4213814999999992,4.0,34.0,1.0,13.0,2.0
11.0,Benfica,105161.0,Soualiho Meité,883.0,39.0,42.0,102.0,23.0,598.0,533.0,30.0,0.64735821,10.0,57.0,0.0,7.0,2.0
11.0,Boavista,342705.0,Yusupha Njie,937.0,12.0,34.0,83.0,20.0,224.0,174.0,32.0,-0.0070590199999997,20.0,16.0,4.0,3.0,1.0
11.0,Boavista,342705.0,Yusupha Om Njie,637.0,5.0,19.0,35.0,10.0,127.0,92.0,21.0,0.1396296899999999,8.0,7.0,4.0,1.0,1.0
11.0,Braga,101964.0,Lucas Piazon,213.0,5.0,5.0,11.0,1.0,89.0,71.0,2.0,0.1391831099999998,2.0,6.0,0.0,2.0,1.0
11.0,Braga,101964.0,Lucas Piazón,147.0,3.0,13.0,11.0,3.0,76.0,57.0,5.0,0.074541,5.0,4.0,0.0,0.0,0.0
11.0,Estoril,329403.0,Arthur Gomes,2221.0,64.0,135.0,172.0,41.0,670.0,489.0,88.0,4.621794120000001,45.0,24.0,25.0,40.0,10.0
11.0,Famalicao,297245.0,Bruno Rodrigues,1957.0,44.0,161.0,199.0,57.0,589.0,434.0,126.0,2.249155190000001,52.0,36.0,28.0,26.0,9.0
11.0,Gil-Vicente,328057.0,Antoine Leautey,1457.0,36.0,89.0,103.0,34.0,497.0,406.0,66.0,1.05835718,22.0,18.0,23.0,19.0,7.0
11.0,Maritimo,395174.0,Milson,16.0,0.0,1.0,2.0,0.0,8.0,5.0,0.0,0.00509846,1.0,0.0,0.0,0.0,0.0
11.0,Moreirense,318686.0,Yan,1781.0,67.0,92.0,174.0,25.0,647.0,438.0,65.0,3.42448633,54.0,26.0,14.0,45.0,10.0
11.0,Pacos-de-Ferreira,425119.0,N'Dri Koffi,29.0,1.0,2.0,1.0,1.0,7.0,5.0,4.0,-0.00434171,0.0,1.0,0.0,0.0,0.0
11.0,Portimonense,383619.0,Anderson Oliveira,1027.0,15.0,65.0,101.0,32.0,347.0,274.0,66.0,0.3397813199999999,21.0,16.0,10.0,4.0,2.0
11.0,Porto,338791.0,Pepê Aquino,1344.0,60.0,86.0,128.0,35.0,648.0,537.0,68.0,3.17742547,26.0,48.0,17.0,33.0,15.0
11.0,Santa-Clara,322764.0,Costinha,82.0,7.0,7.0,6.0,2.0,32.0,24.0,4.0,0.4224901499999999,3.0,5.0,0.0,4.0,0.0
11.0,Sporting,296364.0,Nuno Santos,2105.0,159.0,142.0,212.0,15.0,1326.0,1028.0,29.0,5.27150464,45.0,67.0,17.0,68.0,22.0
11.0,Tondela,425187.0,Juan Manuel Boselli,853.0,15.0,23.0,64.0,16.0,220.0,141.0,38.0,0.7647974199999997,14.0,9.0,2.0,7.0,1.0
11.0,Vitoria-de-Guimaraes,70967.0,André André,936.0,29.0,23.0,89.0,12.0,467.0,404.0,23.0,0.5059449699999997,13.0,48.0,4.0,5.0,0.0
12.0,Arouca,72726.0,Emilijus Zubas,90.0,5.0,0.0,1.0,0.0,50.0,40.0,0.0,0.0193831999999999,0.0,0.0,0.0,0.0,0.0
12.0,Braga,143021.0,Tiago Sá,90.0,2.0,0.0,3.0,0.0,49.0,38.0,0.0,0.02574047,0.0,0.0,0.0,0.0,0.0
12.0,Estoril,349664.0,Thiago Rodrigues,900.0,44.0,1.0,13.0,0.0,395.0,309.0,1.0,0.2362460399999998,0.0,4.0,0.0,0.0,0.0
12.0,Famalicao,372842.0,Gustavo Assunção,598.0,30.0,17.0,82.0,6.0,322.0,267.0,10.0,0.4887752499999995,2.0,30.0,0.0,4.0,2.0
12.0,Gil-Vicente,408589.0,Brian Araújo,90.0,5.0,0.0,2.0,0.0,29.0,20.0,0.0,0.05464097,0.0,2.0,0.0,0.0,0.0
12.0,Maritimo,121726.0,Edgar Costa,1294.0,75.0,34.0,105.0,8.0,582.0,400.0,20.0,4.34253882,9.0,59.0,1.0,33.0,7.0
12.0,Pacos-de-Ferreira,422244.0,Jeimes,172.0,19.0,0.0,8.0,0.0,77.0,51.0,0.0,0.11641188,0.0,1.0,0.0,0.0,0.0
12.0,Portimonense,425769.0,Payam Niazmand,180.0,15.0,0.0,5.0,0.0,72.0,42.0,0.0,0.1131363599999999,0.0,2.0,0.0,0.0,0.0
12.0,Porto,381717.0,Zaidu Sanusi,1709.0,126.0,90.0,198.0,14.0,1063.0,841.0,38.0,2.7789707800000003,29.0,64.0,4.0,36.0,6.0
13.0,Arouca,326486.0,João Basso,2923.0,246.0,165.0,429.0,4.0,1853.0,1531.0,6.0,3.500048440000001,25.0,166.0,0.0,6.0,5.0
13.0,Belenenses-SAD,422232.0,Jójó,47.0,5.0,0.0,5.0,0.0,19.0,11.0,1.0,0.0703463,1.0,3.0,0.0,0.0,0.0
13.0,Braga,383609.0,Tiago Esgaio,69.0,6.0,2.0,4.0,0.0,47.0,34.0,0.0,0.07984044,0.0,2.0,0.0,1.0,0.0
13.0,Estoril,422663.0,Miguel Silva,264.0,7.0,9.0,26.0,2.0,63.0,45.0,6.0,0.3967379699999999,4.0,5.0,0.0,4.0,0.0
13.0,Famalicao,422247.0,Dalberson,180.0,12.0,0.0,4.0,0.0,60.0,45.0,0.0,0.0729043199999999,0.0,2.0,0.0,0.0,0.0
13.0,Moreirense,401149.0,Matheus Silva,477.0,27.0,17.0,56.0,6.0,221.0,152.0,13.0,0.90247972,5.0,13.0,4.0,6.0,0.0
13.0,Pacos-de-Ferreira,364187.0,André Ferreira,2880.0,193.0,2.0,53.0,0.0,995.0,650.0,0.0,1.4039592299999994,0.0,33.0,0.0,1.0,0.0
13.0,Porto,347204.0,Galeno,307.0,5.0,27.0,32.0,10.0,112.0,80.0,19.0,0.1954088199999998,7.0,4.0,11.0,5.0,5.0
13.0,Santa-Clara,134924.0,Carlos Junior,180.0,2.0,3.0,9.0,2.0,45.0,35.0,4.0,0.2718005699999999,1.0,2.0,0.0,3.0,0.0
13.0,Sporting,70953.0,Luís Neto,1464.0,96.0,63.0,158.0,2.0,1140.0,1059.0,3.0,1.7003993799999997,5.0,80.0,0.0,5.0,1.0
13.0,Vitoria-de-Guimaraes,408432.0,André Amaro,563.0,30.0,13.0,68.0,2.0,319.0,279.0,2.0,0.2603188299999999,3.0,17.0,0.0,0.0,0.0
13.0,Vizela,426916.0,Hugues Zagbayou,386.0,6.0,2.0,35.0,4.0,126.0,111.0,5.0,0.0461761599999998,2.0,7.0,0.0,1.0,0.0
14.0,Arouca,323573.0,Pité,966.0,22.0,14.0,100.0,20.0,345.0,250.0,32.0,0.4812572499999994,7.0,28.0,4.0,8.0,4.0
14.0,Belenenses-SAD,391491.0,Danny Henriques,1969.0,89.0,32.0,224.0,10.0,916.0,719.0,14.0,1.3678459099999998,3.0,41.0,1.0,6.0,0.0
14.0,Benfica,74016.0,Haris Seferovic,391.0,5.0,7.0,8.0,3.0,88.0,57.0,6.0,0.64655281,3.0,3.0,1.0,3.0,2.0
14.0,Boavista,337756.0,Tomás Reymão,338.0,13.0,4.0,50.0,1.0,162.0,131.0,2.0,0.3288298699999998,0.0,9.0,0.0,1.0,0.0
14.0,Estoril,147810.0,Racine Coly,170.0,12.0,6.0,10.0,0.0,94.0,71.0,0.0,0.21729862,1.0,8.0,0.0,2.0,0.0
14.0,Famalicao,432217.0,Junior Kadile,40.0,1.0,5.0,2.0,1.0,9.0,4.0,2.0,0.0554384599999999,4.0,0.0,2.0,1.0,0.0
14.0,Moreirense,380780.0,Mateus Pasinato,1710.0,108.0,3.0,48.0,0.0,537.0,326.0,0.0,0.8654552199999996,0.0,21.0,0.0,0.0,0.0
14.0,Portimonense,380546.0,Beto,275.0,1.0,9.0,18.0,2.0,39.0,25.0,5.0,-0.0432648299999999,7.0,0.0,2.0,0.0,0.0
14.0,Porto,322683.0,Cláudio Ramos,88.0,3.0,0.0,1.0,0.0,35.0,26.0,0.0,0.00664384,0.0,0.0,0.0,0.0,0.0
14.0,Santa-Clara,128801.0,Rubén Oliveira,171.0,3.0,4.0,22.0,1.0,75.0,59.0,1.0,0.0577771299999997,0.0,7.0,0.0,1.0,0.0
14.0,Vitoria-de-Guimaraes,107158.0,Bruno Varela,2250.0,139.0,4.0,47.0,0.0,779.0,516.0,0.0,1.0403183,0.0,23.0,0.0,1.0,0.0
14.0,Vizela,118380.0,Igor Julião,999.0,60.0,36.0,100.0,6.0,426.0,295.0,13.0,1.43184125,13.0,28.0,2.0,12.0,4.0
15.0,Arouca,423912.0,Oday Dabbagh,690.0,7.0,17.0,47.0,4.0,200.0,147.0,9.0,0.1928142300000001,8.0,2.0,9.0,7.0,5.0
15.0,Belenenses-SAD,422231.0,Luís Mota,109.0,2.0,0.0,9.0,3.0,21.0,15.0,3.0,0.0391509899999997,0.0,1.0,0.0,1.0,0.0
15.0,Benfica,281025.0,Roman Yaremchuk,1069.0,10.0,32.0,33.0,7.0,213.0,171.0,13.0,0.8785666799999997,12.0,13.0,11.0,12.0,4.0
15.0,Braga,83475.0,Paulo Oliveira,2352.0,141.0,45.0,325.0,2.0,1558.0,1266.0,3.0,2.10792136,7.0,121.0,1.0,5.0,1.0
15.0,Estoril,149140.0,Raúl Silva,528.0,36.0,41.0,58.0,1.0,336.0,297.0,1.0,0.3831430799999998,2.0,20.0,0.0,1.0,0.0
15.0,Famalicao,380619.0,Riccieli,2190.0,53.0,31.0,318.0,2.0,988.0,868.0,2.0,0.5183075799999997,1.0,31.0,0.0,1.0,0.0
15.0,Gil-Vicente,144360.0,Giorgi Aburjania,767.0,43.0,23.0,85.0,4.0,414.0,339.0,8.0,1.1522005699999995,11.0,50.0,1.0,8.0,3.0
15.0,Maritimo,282241.0,Iván Rossi,1724.0,64.0,22.0,209.0,6.0,848.0,740.0,10.0,0.6512519799999994,3.0,61.0,0.0,1.0,1.0
15.0,Pacos-de-Ferreira,110341.0,Juan Delgado,1977.0,127.0,122.0,197.0,17.0,892.0,680.0,43.0,3.94890956,37.0,55.0,2.0,29.0,8.0
15.0,Sporting,408962.0,Manuel Ugarte,1107.0,28.0,59.0,204.0,27.0,707.0,647.0,36.0,-0.0307535299999993,18.0,53.0,1.0,6.0,0.0
15.0,Tondela,423973.0,Manu Hernando,1652.0,59.0,24.0,197.0,2.0,799.0,668.0,3.0,0.7651407799999997,2.0,33.0,0.0,0.0,0.0
16.0,Belenenses-SAD,411937.0,César Sousa,484.0,15.0,17.0,77.0,6.0,178.0,136.0,13.0,0.5173028699999997,7.0,14.0,0.0,5.0,2.0
16.0,Braga,374812.0,David Carmo,993.0,62.0,27.0,125.0,1.0,720.0,599.0,1.0,0.8543473100000001,0.0,49.0,0.0,0.0,0.0
16.0,Maritimo,422003.0,Diogo Mendes,1842.0,57.0,37.0,187.0,10.0,817.0,699.0,21.0,0.2754854699999995,12.0,59.0,1.0,2.0,0.0
16.0,Moreirense,301498.0,Sori Mané,489.0,24.0,12.0,60.0,1.0,254.0,205.0,3.0,0.3360373299999997,0.0,39.0,0.0,2.0,0.0
16.0,Pacos-de-Ferreira,380686.0,Matchoi Djaló,704.0,13.0,28.0,46.0,13.0,209.0,151.0,25.0,0.2835519099999996,12.0,11.0,5.0,7.0,3.0
16.0,Porto,244779.0,Marko Grujic,897.0,43.0,40.0,128.0,9.0,556.0,463.0,16.0,0.95721548,15.0,66.0,1.0,3.0,1.0
16.0,Santa-Clara,143035.0,Paulo Henrique,1248.0,76.0,30.0,111.0,10.0,622.0,463.0,15.0,1.58498571,6.0,44.0,1.0,11.0,1.0
16.0,Sporting,342863.0,Rúben Vinagre,544.0,22.0,70.0,62.0,15.0,391.0,292.0,33.0,0.59403819,14.0,12.0,9.0,6.0,0.0
16.0,Vitoria-de-Guimaraes,260785.0,Rochinha,1966.0,58.0,108.0,131.0,33.0,522.0,339.0,96.0,2.35340685,45.0,40.0,13.0,21.0,3.0
17.0,Belenenses-SAD,322735.0,Carraça,2216.0,246.0,57.0,253.0,12.0,1541.0,1101.0,17.0,7.00276734,14.0,133.0,1.0,42.0,10.0
17.0,Benfica,343029.0,Diogo Gonçalves,892.0,41.0,52.0,70.0,4.0,469.0,365.0,20.0,2.3445079900000003,22.0,20.0,7.0,21.0,5.0
17.0,Boavista,409220.0,Manuel Namora,17.0,1.0,0.0,2.0,0.0,2.0,1.0,1.0,0.00377069,0.0,1.0,0.0,0.0,0.0
17.0,Braga,69742.0,Rui Fonte,7.0,1.0,0.0,3.0,0.0,7.0,3.0,1.0,0.0077182699999999,0.0,1.0,0.0,0.0,0.0
17.0,Estoril,69742.0,Rui Fonte,1285.0,13.0,11.0,74.0,8.0,296.0,222.0,17.0,-0.1300655899999994,8.0,24.0,0.0,2.0,1.0
17.0,Famalicao,300483.0,Simon Banza,2337.0,23.0,57.0,119.0,27.0,458.0,305.0,64.0,0.8241891399999993,33.0,32.0,21.0,9.0,4.0
17.0,Gil-Vicente,402167.0,Boubacar Hanne,245.0,13.0,24.0,20.0,6.0,117.0,91.0,21.0,0.4237535399999997,4.0,4.0,4.0,10.0,5.0
17.0,Maritimo,335707.0,Bruno Xadas,1316.0,81.0,44.0,91.0,17.0,544.0,380.0,42.0,3.3710802500000003,17.0,72.0,6.0,27.0,2.0
17.0,Pacos-de-Ferreira,427566.0,Adrián Butzke,577.0,6.0,14.0,18.0,4.0,166.0,136.0,8.0,-0.1490628099999994,4.0,9.0,3.0,5.0,0.0
17.0,Portimonense,432109.0,Ricardo Matos,220.0,3.0,0.0,10.0,2.0,33.0,25.0,4.0,0.07966806,0.0,4.0,0.0,2.0,1.0
17.0,Porto,90310.0,Jesús Corona,381.0,24.0,27.0,39.0,4.0,292.0,237.0,11.0,1.41677464,16.0,16.0,3.0,13.0,1.0
17.0,Santa-Clara,274646.0,Cristian Tassano,1376.0,46.0,17.0,159.0,2.0,599.0,491.0,3.0,0.5639448499999997,2.0,25.0,0.0,2.0,0.0
17.0,Sporting,94868.0,Pablo Sarabia,2079.0,105.0,117.0,122.0,9.0,943.0,652.0,31.0,7.99913998,50.0,54.0,14.0,69.0,17.0
17.0,Tondela,344991.0,Renat Dadashov,1439.0,17.0,43.0,86.0,31.0,315.0,206.0,54.0,0.0498166900000008,20.0,17.0,11.0,7.0,4.0
17.0,Vitoria-de-Guimaraes,280988.0,Falaye Sacko,927.0,65.0,50.0,107.0,10.0,565.0,433.0,15.0,1.3616859899999998,14.0,57.0,2.0,19.0,2.0
17.0,Vizela,66224.0,Marcos Paulo,1691.0,56.0,32.0,162.0,13.0,580.0,448.0,27.0,1.25889179,14.0,57.0,3.0,6.0,4.0
18.0,Arouca,316658.0,Eboue Kouassi,1466.0,52.0,25.0,151.0,4.0,718.0,596.0,7.0,0.2519586799999995,3.0,59.0,0.0,4.0,2.0
18.0,Belenenses-SAD,422230.0,Alioune Ndour,874.0,6.0,16.0,34.0,12.0,122.0,78.0,27.0,0.0168231899999996,11.0,9.0,2.0,0.0,0.0
18.0,Benfica,291652.0,Rodrigo Pinho,83.0,1.0,4.0,0.0,1.0,14.0,9.0,2.0,0.0282364999999999,1.0,2.0,1.0,1.0,0.0
18.0,Boavista,423602.0,Ilija Vukotic,887.0,20.0,8.0,71.0,5.0,316.0,234.0,7.0,0.0802730500000001,2.0,19.0,0.0,0.0,1.0
18.0,Estoril,342704.0,Leonardo Ruiz,876.0,7.0,3.0,49.0,22.0,246.0,173.0,31.0,0.08597331,3.0,6.0,2.0,3.0,2.0
18.0,Moreirense,392742.0,Pedro Amador,1204.0,67.0,31.0,128.0,10.0,526.0,340.0,27.0,2.22458006,14.0,26.0,1.0,16.0,4.0
18.0,Portimonense,308886.0,Fahd Moufi,2757.0,216.0,94.0,325.0,26.0,1462.0,1057.0,59.0,4.10150574,41.0,89.0,13.0,33.0,6.0
18.0,Porto,342701.0,Wilson Manafá,264.0,17.0,18.0,28.0,3.0,175.0,146.0,8.0,0.3542716699999998,9.0,9.0,0.0,4.0,1.0
18.0,Tondela,426885.0,Matías Lacava,14.0,1.0,1.0,6.0,0.0,12.0,11.0,0.0,-0.0101791000000001,0.0,2.0,0.0,0.0,0.0
18.0,Vizela,329668.0,Guo Tianyu,32.0,0.0,0.0,1.0,0.0,6.0,3.0,0.0,-0.0185413299999999,0.0,0.0,0.0,0.0,0.0
19.0,Arouca,347810.0,Or Dasa,54.0,3.0,6.0,4.0,1.0,28.0,25.0,1.0,0.00692003,0.0,2.0,0.0,0.0,0.0
19.0,Belenenses-SAD,400849.0,Chico Teixeira,538.0,19.0,18.0,46.0,5.0,211.0,153.0,10.0,1.4884774499999995,8.0,13.0,3.0,15.0,3.0
19.0,Braga,306786.0,Mario González,563.0,4.0,21.0,23.0,5.0,115.0,84.0,17.0,0.0305639699999999,4.0,7.0,8.0,2.0,2.0
19.0,Famalicao,400243.0,Dylan Batubinsika,1503.0,39.0,46.0,236.0,7.0,713.0,619.0,9.0,0.6877064399999997,4.0,30.0,0.0,2.0,1.0
19.0,Gil-Vicente,426998.0,Juan Calero,140.0,1.0,5.0,9.0,0.0,53.0,44.0,1.0,-0.0244180899999999,0.0,6.0,1.0,1.0,0.0
19.0,Moreirense,121484.0,Steven Vitória,1435.0,37.0,16.0,176.0,2.0,511.0,402.0,2.0,0.5720767699999996,1.0,25.0,1.0,1.0,1.0
19.0,Porto,104368.0,Chancel Mbemba,2785.0,122.0,78.0,293.0,7.0,1902.0,1719.0,10.0,1.98739199,19.0,116.0,4.0,3.0,1.0
19.0,Santa-Clara,401178.0,Júlio Romao,124.0,4.0,8.0,16.0,4.0,58.0,52.0,5.0,-0.03795436,1.0,3.0,0.0,0.0,1.0
19.0,Santa-Clara,401178.0,Júlio Romão,231.0,7.0,3.0,38.0,7.0,77.0,64.0,8.0,0.0452857299999995,1.0,8.0,0.0,0.0,0.0
19.0,Sporting,395850.0,Tiago Tomás,167.0,0.0,7.0,19.0,4.0,39.0,26.0,10.0,-0.0481687499999997,3.0,4.0,1.0,0.0,1.0
19.0,Tondela,394930.0,Tiago Almeida,1853.0,80.0,58.0,230.0,8.0,818.0,616.0,14.0,1.4290709399999997,12.0,42.0,4.0,10.0,2.0
19.0,Vitoria-de-Guimaraes,343090.0,Óscar Estupiñán,2187.0,6.0,37.0,70.0,12.0,325.0,207.0,30.0,-0.1518687900000004,9.0,16.0,14.0,4.0,1.0
19.0,Vizela,421844.0,Alex Méndez,1461.0,47.0,36.0,139.0,10.0,594.0,431.0,22.0,2.33938757,15.0,43.0,2.0,23.0,4.0
20.0,Arouca,243573.0,Pedro Moreira,1721.0,34.0,21.0,182.0,18.0,656.0,545.0,25.0,0.2705054200000001,7.0,36.0,2.0,5.0,1.0
20.0,Belenenses-SAD,423114.0,Rafa Santos,94.0,0.0,0.0,3.0,2.0,9.0,6.0,3.0,0.0213798199999999,0.0,0.0,0.0,0.0,0.0
20.0,Benfica,125476.0,João Mário,1738.0,118.0,117.0,176.0,19.0,1271.0,1086.0,35.0,6.00751512,62.0,115.0,4.0,60.0,11.0
20.0,Boavista,135635.0,Filipe Ferreira,1410.0,83.0,42.0,174.0,7.0,735.0,539.0,23.0,1.8333770200000008,12.0,49.0,0.0,11.0,3.0
20.0,Estoril,374830.0,Bruno Lourenço,1140.0,13.0,33.0,74.0,7.0,317.0,236.0,18.0,0.4334284699999999,9.0,18.0,2.0,3.0,3.0
20.0,Famalicao,383692.0,David Tavares,448.0,8.0,13.0,39.0,4.0,183.0,154.0,6.0,-0.0231917199999998,2.0,17.0,0.0,0.0,0.0
20.0,Gil-Vicente,422312.0,João Caiado,4.0,0.0,0.0,0.0,0.0,1.0,0.0,0.0,0.0,0.0,0.0,0.0,0.0,0.0
20.0,Pacos-de-Ferreira,423594.0,Luís Bastos,305.0,21.0,14.0,44.0,4.0,204.0,163.0,11.0,0.7875408199999998,5.0,11.0,0.0,7.0,0.0
20.0,Portimonense,381910.0,Luquinhas,544.0,26.0,32.0,51.0,3.0,288.0,213.0,7.0,1.51286857,17.0,34.0,2.0,13.0,1.0
20.0,Porto,384887.0,Vitinha,2257.0,149.0,192.0,299.0,48.0,1958.0,1708.0,67.0,6.835298939999999,62.0,220.0,9.0,59.0,15.0
20.0,Santa-Clara,342731.0,Óscar Barreto,350.0,11.0,16.0,47.0,4.0,117.0,78.0,9.0,0.7390608299999999,4.0,9.0,3.0,4.0,2.0
20.0,Tondela,141153.0,Sessi D'Almeida,214.0,3.0,3.0,31.0,3.0,65.0,56.0,4.0,-7.902000000019902e-05,1.0,4.0,0.0,0.0,0.0
20.0,Vitoria-de-Guimaraes,430413.0,Nélson da Luz,337.0,6.0,34.0,32.0,13.0,97.0,75.0,28.0,0.0530149099999999,16.0,3.0,6.0,3.0,0.0
20.0,Vizela,322742.0,Samu,2478.0,155.0,83.0,324.0,25.0,1221.0,884.0,51.0,5.81696883,38.0,122.0,6.0,51.0,3.0
21.0,Arouca,322648.0,Leandro Silva,2213.0,174.0,59.0,286.0,14.0,1236.0,902.0,20.0,5.947434120000001,15.0,171.0,0.0,47.0,5.0
21.0,Belenenses-SAD,292068.0,Cafu,1919.0,21.0,25.0,222.0,12.0,639.0,522.0,25.0,0.3518854699999996,5.0,18.0,1.0,3.0,3.0
21.0,Benfica,81928.0,Pizzi,319.0,19.0,14.0,20.0,1.0,242.0,188.0,4.0,1.59743459,4.0,17.0,3.0,12.0,3.0
21.0,Boavista,405113.0,Jackson Porozo,2160.0,33.0,18.0,299.0,8.0,996.0,841.0,12.0,0.3161155799999997,0.0,13.0,0.0,0.0,1.0
21.0,Braga,127130.0,Ricardo Horta,2795.0,129.0,81.0,224.0,14.0,1154.0,883.0,42.0,7.083345690000001,35.0,106.0,12.0,86.0,33.0
21.0,Estoril,333315.0,João Gamboa,2119.0,69.0,50.0,238.0,5.0,879.0,706.0,13.0,0.8303624399999994,9.0,78.0,1.0,6.0,1.0
21.0,Famalicao,395166.0,João Neto,63.0,1.0,2.0,6.0,3.0,15.0,10.0,4.0,-0.0052530099999999,1.0,0.0,0.0,0.0,0.0
21.0,Famalicao,401738.0,Ivan Dolcek,194.0,11.0,4.0,26.0,4.0,79.0,61.0,8.0,0.2995334699999997,3.0,5.0,0.0,3.0,0.0
21.0,Gil-Vicente,331609.0,Vitor Carvalho,2326.0,77.0,73.0,284.0,9.0,1248.0,1002.0,22.0,0.5669561299999997,21.0,108.0,1.0,7.0,2.0
21.0,Maritimo,381584.0,Jorge Sáenz,397.0,13.0,4.0,47.0,0.0,178.0,124.0,1.0,0.2372657299999999,0.0,4.0,0.0,1.0,0.0
21.0,Moreirense,380781.0,Filipe Soares,1008.0,26.0,45.0,108.0,14.0,381.0,296.0,27.0,0.59022697,16.0,45.0,2.0,6.0,1.0
21.0,Pacos-de-Ferreira,380688.0,Jorge Silva,405.0,37.0,13.0,49.0,6.0,213.0,119.0,11.0,1.92561172,11.0,21.0,0.0,15.0,2.0
21.0,Portimonense,342698.0,Pedro Sá,1111.0,35.0,6.0,141.0,0.0,475.0,392.0,5.0,0.0776097799999996,2.0,39.0,0.0,1.0,0.0
21.0,Santa-Clara,380616.0,Nené,1204.0,56.0,23.0,137.0,5.0,575.0,479.0,15.0,0.99478101,5.0,62.0,0.0,9.0,4.0
21.0,Sporting,135563.0,Paulinho,2379.0,38.0,58.0,132.0,14.0,624.0,464.0,25.0,0.6173000799999999,15.0,46.0,10.0,14.0,9.0
21.0,Tondela,116223.0,Iker Undabarrena,2077.0,110.0,35.0,253.0,12.0,1234.0,1052.0,17.0,1.4246331899999993,10.0,101.0,0.0,11.0,0.0
21.0,Vitoria-de-Guimaraes,425093.0,Geny Catamo,224.0,10.0,22.0,14.0,8.0,85.0,63.0,13.0,0.4904334499999997,10.0,9.0,3.0,5.0,4.0
22.0,Arouca,125452.0,Alan Ruiz,466.0,36.0,18.0,30.0,6.0,269.0,210.0,10.0,2.40759402,6.0,33.0,1.0,15.0,3.0
22.0,Arouca,136320.0,Gastón Campi,362.0,14.0,13.0,30.0,1.0,168.0,121.0,1.0,0.1632171999999999,0.0,10.0,0.0,0.0,0.0
22.0,Belenenses-SAD,423461.0,Henrique Pires,90.0,1.0,1.0,9.0,0.0,6.0,2.0,0.0,0.0351022099999999,0.0,1.0,0.0,0.0,0.0
22.0,Benfica,114323.0,Valentino Lazaro,1027.0,72.0,78.0,107.0,10.0,705.0,572.0,20.0,1.68255103,28.0,51.0,7.0,20.0,6.0
22.0,Boavista,400993.0,Nathan,2323.0,97.0,111.0,281.0,63.0,1051.0,821.0,112.0,0.9411676899999996,31.0,52.0,13.0,6.0,4.0
22.0,Braga,361961.0,Chiquinho,201.0,7.0,16.0,15.0,5.0,83.0,70.0,9.0,0.0178840499999999,4.0,10.0,0.0,1.0,1.0
22.0,Estoril,322685.0,David Bruno,1207.0,96.0,35.0,138.0,0.0,653.0,479.0,5.0,2.04703348,13.0,56.0,0.0,14.0,3.0
22.0,Famalicao,348742.0,Hernán De La Fuente,916.0,47.0,45.0,115.0,9.0,436.0,326.0,24.0,0.8714657299999999,12.0,22.0,4.0,10.0,5.0
22.0,Pacos-de-Ferreira,121675.0,Luiz Carlos,2639.0,77.0,50.0,342.0,18.0,1272.0,1099.0,27.0,1.0329290499999997,18.0,108.0,2.0,12.0,5.0
22.0,Portimonense,422207.0,Filipe Relvas,1637.0,66.0,17.0,200.0,6.0,812.0,641.0,7.0,0.6557701799999993,0.0,29.0,0.0,5.0,2.0
22.0,Porto,132273.0,Wendell,954.0,47.0,73.0,114.0,3.0,729.0,627.0,8.0,1.6794568999999997,27.0,41.0,4.0,16.0,1.0
22.0,Santa-Clara,432455.0,Pipe Gómez,59.0,0.0,3.0,2.0,1.0,15.0,9.0,5.0,-0.00194955,1.0,0.0,0.0,0.0,0.0
22.0,Sporting,401784.0,André Paulo,11.0,0.0,0.0,1.0,0.0,7.0,6.0,0.0,0.0004034799999999,0.0,0.0,0.0,0.0,0.0
22.0,Vitoria-de-Guimaraes,422204.0,Gui,56.0,0.0,2.0,13.0,1.0,28.0,21.0,2.0,-0.02613555,2.0,2.0,0.0,1.0,0.0
22.0,Vizela,344143.0,Kévin Zohi,815.0,12.0,28.0,73.0,5.0,196.0,132.0,23.0,0.5419123800000002,6.0,8.0,2.0,4.0,3.0
23.0,Arouca,101518.0,Wellington Nem,1.0,0.0,0.0,1.0,0.0,2.0,1.0,0.0,0.00190072,0.0,0.0,0.0,0.0,0.0
23.0,Arouca,113535.0,Eugeni Valderrama,525.0,27.0,7.0,45.0,9.0,222.0,167.0,12.0,0.7986353799999998,4.0,19.0,0.0,10.0,2.0
23.0,Belenenses-SAD,361901.0,Jordan van der Gaag,199.0,1.0,2.0,10.0,4.0,36.0,26.0,9.0,0.01967138,1.0,4.0,1.0,1.0,0.0
23.0,Benfica,302441.0,Nemanja Radonjic,137.0,12.0,22.0,9.0,8.0,74.0,54.0,14.0,0.1508348399999999,7.0,14.0,4.0,4.0,2.0
23.0,Famalicao,431410.0,Benny,-1.0,0.0,0.0,1.0,0.0,0.0,0.0,0.0,0.0,0.0,0.0,0.0,0.0,0.0
23.0,Maritimo,368944.0,Rúben Macedo,60.0,2.0,9.0,7.0,0.0,24.0,15.0,3.0,0.0053161299999995,4.0,0.0,1.0,0.0,0.0
23.0,Moreirense,421985.0,Godfried Frimpong,579.0,49.0,12.0,69.0,6.0,305.0,196.0,10.0,1.66597588,10.0,22.0,0.0,15.0,1.0
23.0,Pacos-de-Ferreira,373655.0,Lucas Silva,1902.0,19.0,64.0,162.0,20.0,433.0,342.0,51.0,0.1013604199999993,24.0,11.0,12.0,9.0,3.0
23.0,Portimonense,108374.0,Achraf Lazaar,242.0,5.0,4.0,37.0,3.0,68.0,42.0,4.0,0.0962933799999998,0.0,6.0,0.0,1.0,0.0
23.0,Porto,395173.0,João Mário,2070.0,116.0,170.0,223.0,44.0,1342.0,1094.0,88.0,4.573562600000001,46.0,68.0,22.0,31.0,13.0
23.0,Santa-Clara,279531.0,Crysan,1443.0,39.0,70.0,134.0,32.0,481.0,339.0,74.0,0.4181410399999994,24.0,34.0,9.0,9.0,5.0
23.0,Sporting,279177.0,Marcus Edwards,523.0,24.0,58.0,29.0,9.0,204.0,165.0,21.0,1.31544071,22.0,16.0,10.0,15.0,4.0
23.0,Tondela,342768.0,Bebeto,1381.0,81.0,48.0,224.0,11.0,702.0,513.0,23.0,1.20266533,17.0,31.0,1.0,8.0,2.0
23.0,Vitoria-de-Guimaraes,380681.0,Joao Ferreira,988.0,58.0,34.0,133.0,6.0,562.0,404.0,12.0,1.38226606,7.0,35.0,1.0,12.0,4.0
24.0,Boavista,318429.0,Sebastián Pérez,2281.0,104.0,41.0,260.0,2.0,1221.0,1021.0,2.0,1.36141461,3.0,99.0,1.0,10.0,1.0
24.0,Maritimo,137656.0,Clésio,475.0,17.0,40.0,59.0,14.0,174.0,127.0,26.0,0.4792591799999999,14.0,6.0,3.0,6.0,2.0
24.0,Pacos-de-Ferreira,380683.0,Mohamed Diaby,219.0,8.0,8.0,59.0,4.0,106.0,77.0,7.0,0.0207310899999998,1.0,6.0,0.0,0.0,0.0
24.0,Sporting,362352.0,Pedro Porro,1643.0,141.0,149.0,189.0,33.0,1052.0,727.0,69.0,7.26831585,38.0,52.0,24.0,64.0,20.0
24.0,Tondela,402065.0,Naoufel Khacef,870.0,30.0,32.0,94.0,6.0,369.0,275.0,15.0,0.2855168499999997,14.0,19.0,0.0,6.0,0.0
24.0,Vizela,129360.0,Kiki,1792.0,157.0,56.0,262.0,14.0,1078.0,734.0,23.0,6.58749631,14.0,82.0,3.0,44.0,6.0
25.0,Belenenses-SAD,383185.0,Safira,1455.0,21.0,38.0,87.0,8.0,321.0,191.0,24.0,0.6945511599999998,18.0,18.0,4.0,9.0,2.0
25.0,Boavista,400992.0,Yanis Hamache,1941.0,129.0,102.0,239.0,14.0,1007.0,694.0,46.0,4.8295224800000005,26.0,63.0,2.0,31.0,8.0
25.0,Braga,318252.0,Lucas Mineiro,578.0,22.0,20.0,53.0,8.0,276.0,245.0,8.0,0.2945890999999995,4.0,42.0,0.0,3.0,1.0
25.0,Famalicao,367813.0,Pedro Marques,314.0,3.0,8.0,14.0,2.0,60.0,39.0,3.0,-0.0612387399999998,3.0,4.0,2.0,0.0,0.0
25.0,Gil-Vicente,325216.0,Jean,4.0,0.0,0.0,2.0,0.0,3.0,3.0,0.0,-0.00113033,0.0,0.0,0.0,0.0,0.0
25.0,Gil-Vicente,325216.0,Jean Irmer,7.0,1.0,0.0,4.0,0.0,6.0,5.0,0.0,0.00850092,0.0,0.0,0.0,0.0,0.0
25.0,Maritimo,416884.0,Ricardinho,465.0,3.0,10.0,30.0,5.0,102.0,69.0,9.0,-0.1450712899999996,3.0,5.0,0.0,0.0,1.0
25.0,Moreirense,361910.0,Nikola Jambor,93.0,3.0,2.0,8.0,0.0,52.0,43.0,0.0,0.2807567299999998,1.0,5.0,0.0,3.0,2.0
25.0,Portimonense,81959.0,Giannelli Imbula,130.0,8.0,9.0,21.0,4.0,98.0,88.0,5.0,0.1441911799999999,2.0,6.0,0.0,1.0,0.0
25.0,Porto,120608.0,Otávio,2678.0,208.0,151.0,296.0,35.0,1759.0,1372.0,76.0,9.38383839,50.0,148.0,23.0,86.0,14.0
25.0,Santa-Clara,409279.0,Hidemasa Morita,2286.0,147.0,57.0,293.0,20.0,1254.0,1021.0,33.0,2.44096629,18.0,136.0,1.0,17.0,5.0
25.0,Sporting,395992.0,Gonçalo Inácio,2474.0,169.0,207.0,278.0,14.0,2134.0,1936.0,19.0,3.20108976,30.0,192.0,0.0,6.0,2.0
25.0,Vizela,425474.0,Mohamed Aidara,1341.0,32.0,19.0,192.0,1.0,569.0,449.0,1.0,0.4157079699999998,1.0,17.0,0.0,1.0,0.0
26.0,Boavista,423077.0,Rodrigo Abascal,2479.0,170.0,50.0,366.0,4.0,1415.0,1077.0,8.0,2.95450834,8.0,86.0,0.0,11.0,1.0
26.0,Braga,119620.0,Fábio Martins,412.0,15.0,23.0,35.0,4.0,168.0,128.0,9.0,0.90685386,8.0,6.0,5.0,11.0,1.0
26.0,Estoril,401185.0,Ryotaro Meshino,108.0,1.0,9.0,5.0,3.0,40.0,31.0,5.0,0.0609959199999999,1.0,3.0,2.0,0.0,0.0
26.0,Gil-Vicente,135962.0,Rúben Fernandes,2970.0,138.0,62.0,282.0,2.0,1932.0,1716.0,2.0,2.0219512,3.0,100.0,0.0,4.0,1.0
26.0,Pacos-de-Ferreira,422245.0,Rui Pires,1207.0,54.0,15.0,130.0,0.0,598.0,506.0,1.0,0.3003365999999995,5.0,41.0,0.0,1.0,0.0
26.0,Portimonense,422209.0,Sana Gomes,365.0,16.0,6.0,38.0,2.0,157.0,98.0,6.0,0.0699112999999998,2.0,13.0,0.0,2.0,0.0
26.0,Santa-Clara,401125.0,Jean Patric,562.0,5.0,28.0,35.0,5.0,125.0,98.0,17.0,0.2626704199999997,8.0,8.0,3.0,3.0,0.0
27.0,Arouca,428999.0,Antony,709.0,9.0,42.0,75.0,16.0,238.0,168.0,36.0,0.0084782899999996,12.0,10.0,6.0,6.0,0.0
27.0,Belenenses-SAD,381650.0,Chima Akas,1757.0,98.0,25.0,193.0,3.0,770.0,541.0,9.0,2.05971034,5.0,44.0,2.0,18.0,3.0
27.0,Benfica,135127.0,Rafa,2038.0,67.0,183.0,160.0,76.0,837.0,678.0,139.0,3.1015212100000005,81.0,57.0,38.0,47.0,10.0
27.0,Boavista,405791.0,Jeriel De Santis,190.0,0.0,6.0,16.0,3.0,58.0,39.0,5.0,-0.0484436699999996,1.0,1.0,1.0,1.0,0.0
27.0,Braga,322660.0,Fransérgio,145.0,8.0,2.0,17.0,0.0,69.0,60.0,0.0,0.00906644,0.0,6.0,0.0,0.0,0.0
27.0,Gil-Vicente,422914.0,Marcelo dos Santos,6.0,0.0,0.0,0.0,0.0,1.0,0.0,0.0,0.0,0.0,0.0,0.0,0.0,0.0
27.0,Maritimo,366840.0,Tim Söderström,68.0,2.0,5.0,7.0,1.0,28.0,23.0,1.0,0.0496172899999999,1.0,1.0,0.0,1.0,1.0
27.0,Moreirense,407306.0,Derik Lacerda,773.0,12.0,50.0,88.0,40.0,195.0,128.0,61.0,0.3773361599999998,22.0,12.0,8.0,1.0,7.0
27.0,Porto,70614.0,Sérgio Oliveira,394.0,33.0,19.0,52.0,6.0,305.0,234.0,14.0,1.1262209899999998,9.0,19.0,2.0,21.0,6.0
27.0,Santa-Clara,431984.0,Kyosuke Tagawa,477.0,1.0,8.0,12.0,3.0,53.0,39.0,5.0,-0.0197944399999995,3.0,3.0,2.0,1.0,0.0
28.0,Benfica,142318.0,Julian Weigl,2413.0,158.0,86.0,318.0,21.0,1830.0,1670.0,29.0,2.71716071,29.0,169.0,0.0,17.0,2.0
28.0,Estoril,402736.0,Nahuel Ferraresi,2061.0,110.0,163.0,269.0,16.0,1424.0,1264.0,22.0,1.6709138299999995,8.0,101.0,1.0,1.0,1.0
28.0,Famalicao,142352.0,João Teixeira,803.0,29.0,40.0,69.0,24.0,350.0,290.0,41.0,0.97343408,12.0,35.0,3.0,15.0,4.0
28.0,Moreirense,342769.0,Pablo Santos,1225.0,49.0,16.0,186.0,2.0,564.0,457.0,3.0,0.6414649499999996,2.0,32.0,0.0,1.0,0.0
28.0,Pacos-de-Ferreira,70735.0,Nicolás Gaitán,301.0,15.0,10.0,18.0,3.0,100.0,65.0,3.0,0.4715249699999999,3.0,15.0,0.0,5.0,3.0
28.0,Porto,354146.0,Bruno Costa,672.0,42.0,13.0,69.0,3.0,495.0,441.0,7.0,1.1246248999999997,2.0,38.0,1.0,11.0,2.0
28.0,Sporting,344378.0,Pote,2023.0,65.0,78.0,133.0,29.0,715.0,546.0,74.0,4.52554136,32.0,48.0,8.0,47.0,16.0
28.0,Tondela,408824.0,Tiago Dantas,1095.0,53.0,41.0,101.0,4.0,581.0,498.0,13.0,1.4881630999999995,16.0,46.0,5.0,13.0,5.0
28.0,Vitoria-de-Guimaraes,43982.0,Silvio,26.0,0.0,0.0,0.0,0.0,6.0,5.0,0.0,0.0002542599999999,0.0,0.0,0.0,0.0,0.0
29.0,Arouca,322842.0,Joel Ferreira,45.0,2.0,2.0,5.0,0.0,30.0,23.0,1.0,0.0159729399999999,1.0,1.0,0.0,0.0,0.0
29.0,Belenenses-SAD,120594.0,Abel Camará,1554.0,15.0,31.0,82.0,5.0,310.0,203.0,16.0,0.0012260999999994,9.0,16.0,3.0,6.0,3.0
29.0,Famalicao,142819.0,Jhonder Cádiz,444.0,7.0,11.0,20.0,3.0,131.0,73.0,8.0,0.0782447999999997,1.0,5.0,1.0,3.0,3.0
29.0,Gil-Vicente,381594.0,Samuel Lino,2967.0,88.0,212.0,340.0,65.0,1161.0,893.0,142.0,1.0856642799999996,77.0,68.0,29.0,43.0,9.0
29.0,Pacos-de-Ferreira,275110.0,Fernando Fonseca,1488.0,105.0,48.0,167.0,8.0,832.0,602.0,21.0,1.82719913,19.0,45.0,2.0,21.0,4.0
29.0,Portimonense,302332.0,Julien Da Costa,396.0,11.0,5.0,35.0,1.0,119.0,83.0,4.0,0.1761559899999996,2.0,4.0,0.0,2.0,0.0
29.0,Porto,280060.0,Toni Martínez,477.0,5.0,14.0,25.0,4.0,112.0,63.0,8.0,0.3373400299999999,4.0,7.0,5.0,3.0,1.0
29.0,Santa-Clara,142320.0,Luiz Phellype,276.0,1.0,4.0,14.0,1.0,38.0,30.0,3.0,-0.0458890799999996,1.0,1.0,2.0,0.0,0.0
29.0,Tondela,307550.0,Daniel dos Anjos,1597.0,22.0,46.0,82.0,20.0,373.0,264.0,39.0,0.7433667599999998,17.0,19.0,10.0,11.0,4.0
29.0,Vitoria-de-Guimaraes,400847.0,Matous Trmal,810.0,47.0,3.0,14.0,0.0,297.0,196.0,0.0,0.3304649599999997,0.0,8.0,0.0,0.0,0.0
29.0,Vizela,431873.0,Andrés Sarmiento,138.0,0.0,5.0,9.0,2.0,28.0,20.0,5.0,-0.0391397199999999,0.0,0.0,0.0,0.0,0.0
30.0,Arouca,423351.0,Norbert Haymamba,270.0,10.0,0.0,6.0,0.0,96.0,73.0,0.0,0.0577923699999999,0.0,1.0,0.0,0.0,0.0
30.0,Belenenses-SAD,68890.0,Sandro,77.0,2.0,2.0,19.0,0.0,32.0,17.0,0.0,0.1005905699999999,0.0,0.0,0.0,1.0,0.0
30.0,Benfica,75691.0,Nicolás Otamendi,2470.0,123.0,146.0,353.0,4.0,2087.0,1895.0,8.0,2.49056837,10.0,141.0,0.0,2.0,1.0
30.0,Famalicao,408341.0,André Ricardo,70.0,3.0,9.0,9.0,1.0,17.0,11.0,6.0,0.02486619,3.0,3.0,0.0,0.0,0.0
30.0,Moreirense,83058.0,Abdoulaye Ba,90.0,3.0,0.0,18.0,1.0,49.0,36.0,1.0,0.03807047,0.0,1.0,0.0,0.0,0.0
30.0,Porto,384430.0,Evanilson,2027.0,13.0,38.0,123.0,19.0,487.0,371.0,37.0,0.3590761499999992,13.0,26.0,10.0,10.0,3.0
30.0,Santa-Clara,425086.0,Mohammad Mohebbi,443.0,6.0,18.0,43.0,5.0,124.0,84.0,8.0,-0.0922867899999998,4.0,6.0,7.0,0.0,0.0
30.0,Vitoria-de-Guimaraes,331757.0,Alfa Semedo,1619.0,46.0,32.0,197.0,13.0,808.0,658.0,19.0,0.7795298699999995,5.0,53.0,2.0,1.0,2.0
31.0,Arouca,383609.0,Tiago Esgaio,915.0,86.0,18.0,90.0,2.0,523.0,381.0,5.0,1.3408649899999998,4.0,47.0,0.0,12.0,2.0
31.0,Belenenses-SAD,387751.0,João Monteiro,180.0,0.0,0.0,4.0,0.0,8.0,7.0,0.0,-0.0253583499999999,0.0,0.0,0.0,0.0,0.0
31.0,Benfica,299375.0,Gil Dias,653.0,32.0,85.0,79.0,23.0,405.0,339.0,41.0,1.57504885,31.0,21.0,11.0,15.0,4.0
31.0,Estoril,105928.0,Joãozinho,2890.0,260.0,93.0,287.0,9.0,1716.0,1292.0,29.0,6.528687510000001,25.0,143.0,2.0,34.0,10.0
31.0,Famalicao,400826.0,Luiz Júnior,2790.0,151.0,7.0,70.0,0.0,946.0,682.0,0.0,1.14743281,0.0,28.0,0.0,0.0,0.0
31.0,Gil-Vicente,322733.0,João Talocha,2782.0,218.0,72.0,273.0,5.0,1672.0,1300.0,11.0,2.5769307,22.0,133.0,1.0,24.0,6.0
31.0,Sporting,362852.0,João Virgínia,79.0,0.0,0.0,2.0,0.0,24.0,21.0,0.0,-0.0105954,0.0,0.0,0.0,0.0,0.0
32.0,Arouca,113937.0,Baptiste Aloe,68.0,2.0,0.0,9.0,0.0,33.0,31.0,0.0,0.0340885599999999,0.0,1.0,0.0,0.0,0.0
32.0,Belenenses-SAD,70884.0,Yohan Tavares,2520.0,108.0,54.0,315.0,1.0,1376.0,1156.0,3.0,1.3848764799999995,6.0,61.0,0.0,2.0,1.0
32.0,Estoril,421892.0,Loreintz Rosier,2296.0,65.0,69.0,259.0,11.0,978.0,747.0,26.0,0.4553599200000003,11.0,77.0,2.0,7.0,6.0
32.0,Pacos-de-Ferreira,322859.0,Flávio Ramos,785.0,32.0,10.0,81.0,1.0,349.0,270.0,1.0,0.5501568499999998,0.0,12.0,0.0,0.0,0.0
32.0,Portimonense,126293.0,Kosuke Nakamura,180.0,13.0,1.0,6.0,0.0,78.0,59.0,0.0,0.0971641799999999,0.0,4.0,0.0,0.0,0.0
33.0,Belenenses-SAD,404907.0,Dopanga Loockman Trova Boni,465.0,10.0,4.0,50.0,7.0,114.0,80.0,11.0,0.3075469899999998,1.0,4.0,0.0,5.0,0.0
33.0,Tondela,399251.0,Marcelo Alves,778.0,21.0,2.0,70.0,1.0,303.0,267.0,1.0,0.2141314999999998,0.0,3.0,0.0,0.0,0.0
34.0,Belenenses-SAD,411126.0,André Lopes,90.0,0.0,0.0,5.0,0.0,11.0,6.0,1.0,0.00214085,0.0,0.0,0.0,0.0,0.0
34.0,Benfica,106151.0,André Almeida,937.0,64.0,37.0,62.0,2.0,609.0,482.0,11.0,2.33181711,19.0,35.0,1.0,20.0,2.0
34.0,Braga,149140.0,Raúl Silva,518.0,23.0,17.0,64.0,4.0,400.0,347.0,5.0,0.2882167599999996,0.0,18.0,0.0,0.0,0.0
34.0,Estoril,421896.0,Lucho Vega,100.0,0.0,1.0,12.0,0.0,33.0,25.0,1.0,-0.02981288,0.0,0.0,0.0,0.0,0.0
34.0,Tondela,136285.0,Ricardo Alves,911.0,34.0,9.0,81.0,1.0,380.0,302.0,2.0,0.6069138299999999,1.0,19.0,1.0,1.0,0.0
35.0,Moreirense,122215.0,Jefferson,992.0,36.0,31.0,100.0,16.0,444.0,355.0,26.0,0.8395937500000001,8.0,46.0,1.0,4.0,1.0
35.0,Pacos-de-Ferreira,436176.0,Edmilson Mendes,15.0,0.0,0.0,1.0,0.0,5.0,3.0,0.0,-0.0110494599999999,1.0,0.0,0.0,0.0,0.0
35.0,Porto,136305.0,Rúben Semedo,5.0,0.0,0.0,0.0,0.0,4.0,4.0,0.0,-0.00230719,0.0,0.0,0.0,0.0,0.0
36.0,Boavista,93307.0,Paul-Georges Ntep,501.0,13.0,27.0,38.0,12.0,150.0,94.0,33.0,0.61907432,9.0,6.0,7.0,5.0,2.0
36.0,Maritimo,430400.0,Miguel Sousa,281.0,19.0,11.0,24.0,4.0,168.0,120.0,9.0,1.5667415299999994,3.0,9.0,0.0,9.0,2.0
37.0,Moreirense,403863.0,Jefferson Galego,84.0,3.0,8.0,12.0,5.0,28.0,24.0,11.0,0.1692111899999999,2.0,2.0,2.0,2.0,1.0
37.0,Vizela,124107.0,Richard Ofori,1694.0,111.0,67.0,264.0,14.0,892.0,639.0,26.0,2.33281353,16.0,64.0,0.0,13.0,5.0
38.0,Portimonense,391031.0,Paulo Estrela,11.0,1.0,0.0,2.0,0.0,5.0,5.0,0.0,0.00213981,0.0,1.0,0.0,0.0,0.0
38.0,Porto,362559.0,Fernando Andrade,5.0,0.0,0.0,0.0,0.0,0.0,0.0,0.0,0.0,0.0,0.0,0.0,0.0,0.0
38.0,Tondela,333196.0,Simone Muratore,25.0,2.0,0.0,5.0,0.0,17.0,14.0,0.0,0.0043608200000001,0.0,0.0,0.0,0.0,0.0
39.0,Benfica,424769.0,Henrique Araújo,132.0,2.0,1.0,3.0,2.0,28.0,27.0,2.0,0.0782762699999999,0.0,2.0,1.0,1.0,0.0
39.0,Portimonense,423988.0,Wilinton Aponza,741.0,1.0,14.0,34.0,7.0,137.0,97.0,12.0,-0.2302810499999993,3.0,2.0,6.0,0.0,4.0
39.0,Vizela,342610.0,Koffi Kouao,1898.0,99.0,87.0,273.0,26.0,924.0,678.0,53.0,2.9886665500000005,22.0,48.0,3.0,15.0,6.0
40.0,Braga,430435.0,Kobamelo Kodisang,15.0,0.0,2.0,0.0,0.0,4.0,3.0,0.0,0.00696271,0.0,0.0,0.0,0.0,0.0
41.0,Vitoria-de-Guimaraes,432629.0,Ibrahima Bamba,290.0,5.0,2.0,45.0,1.0,140.0,120.0,2.0,0.0164574799999998,1.0,8.0,0.0,0.0,0.0
42.0,Belenenses-SAD,429005.0,António Montez,90.0,0.0,0.0,8.0,0.0,3.0,1.0,0.0,-0.0007288599999999,0.0,0.0,0.0,0.0,0.0
42.0,Boavista,423076.0,Gaïus Makouta,2627.0,72.0,107.0,260.0,47.0,1083.0,856.0,92.0,1.0950591299999997,41.0,84.0,7.0,14.0,5.0
42.0,Braga,416040.0,Guilherme,45.0,1.0,0.0,4.0,0.0,29.0,21.0,0.0,0.00052325,0.0,0.0,0.0,0.0,0.0
42.0,Gil-Vicente,362746.0,Andrew,900.0,22.0,0.0,15.0,0.0,291.0,221.0,0.0,0.0744550499999994,0.0,4.0,0.0,0.0,0.0
42.0,Portimonense,430878.0,Diogo Rodrigues,10.0,0.0,0.0,0.0,0.0,3.0,2.0,0.0,-0.00409135,0.0,0.0,0.0,0.0,0.0
42.0,Porto,427279.0,Namaso,7.0,0.0,0.0,0.0,0.0,3.0,2.0,0.0,0.0082117999999999,0.0,1.0,0.0,0.0,0.0
43.0,Famalicao,422248.0,Alexandre Penetra,2630.0,193.0,74.0,330.0,3.0,1478.0,1179.0,6.0,2.91015677,10.0,137.0,0.0,3.0,2.0
44.0,Arouca,401804.0,Nino Galovic,928.0,29.0,22.0,123.0,0.0,514.0,458.0,0.0,0.5860145999999999,4.0,21.0,0.0,0.0,1.0
44.0,Belenenses-SAD,380548.0,Eduardo Kau,90.0,0.0,0.0,7.0,0.0,5.0,5.0,0.0,-0.00016459,0.0,0.0,0.0,0.0,0.0
44.0,Maritimo,322666.0,André Teles,108.0,7.0,2.0,14.0,0.0,73.0,66.0,2.0,0.05460837,1.0,10.0,0.0,0.0,0.0
44.0,Portimonense,360107.0,Pedrão,2501.0,130.0,57.0,334.0,9.0,1451.0,1179.0,16.0,1.7618811800000005,3.0,64.0,0.0,5.0,2.0
44.0,Vitoria-de-Guimaraes,351604.0,Jorge Fernandes,1221.0,61.0,41.0,185.0,1.0,663.0,530.0,2.0,1.0762309299999997,2.0,43.0,0.0,4.0,2.0
45.0,Belenenses-SAD,429691.0,Braima,721.0,8.0,4.0,90.0,3.0,239.0,197.0,4.0,-0.0018881499999999,2.0,11.0,0.0,1.0,0.0
45.0,Braga,283362.0,Iuri Medeiros,1424.0,72.0,63.0,95.0,28.0,660.0,491.0,53.0,3.75119822,17.0,38.0,17.0,44.0,14.0
45.0,Maritimo,322657.0,Fabio China,576.0,32.0,36.0,84.0,11.0,364.0,279.0,21.0,0.4007289299999996,6.0,24.0,1.0,3.0,0.0
45.0,Pacos-de-Ferreira,381795.0,João Pedro,503.0,7.0,10.0,19.0,4.0,135.0,84.0,7.0,0.1028601499999999,4.0,16.0,0.0,1.0,2.0
46.0,Pacos-de-Ferreira,351744.0,Stephen Eustáquio,1477.0,59.0,22.0,191.0,3.0,848.0,710.0,12.0,0.9950912999999998,4.0,56.0,1.0,13.0,0.0
46.0,Porto,351744.0,Stephen Eustáquio,86.0,8.0,4.0,19.0,0.0,85.0,70.0,1.0,0.34248119,1.0,7.0,0.0,2.0,1.0
47.0,Benfica,437687.0,Tiago Gouveia,86.0,4.0,10.0,12.0,5.0,33.0,22.0,7.0,0.0773078,3.0,3.0,1.0,1.0,1.0
47.0,Sporting,109474.0,Ricardo Esgaio,1465.0,82.0,63.0,159.0,8.0,1004.0,796.0,14.0,1.80922749,20.0,55.0,3.0,24.0,9.0
48.0,Maritimo,74433.0,Paulo Victor,2700.0,149.0,5.0,70.0,1.0,1102.0,771.0,1.0,0.9782491999999996,0.0,19.0,0.0,1.0,0.0
49.0,Belenenses-SAD,390248.0,Tomás Castro,45.0,3.0,0.0,6.0,1.0,36.0,22.0,1.0,0.0585662199999999,0.0,1.0,0.0,1.0,0.0
49.0,Benfica,24642.0,Adel Taarabt,944.0,57.0,48.0,92.0,27.0,566.0,463.0,44.0,1.71185875,11.0,75.0,1.0,17.0,3.0
50.0,Braga,430436.0,Leonardo Buta,128.0,7.0,6.0,21.0,0.0,79.0,59.0,2.0,0.1515660199999998,3.0,3.0,0.0,1.0,1.0
50.0,Porto,394924.0,Fábio Vieira,1329.0,99.0,85.0,100.0,21.0,813.0,619.0,53.0,5.39704537,35.0,88.0,6.0,50.0,12.0
53.0,Arouca,83058.0,Abdoulaye Ba,1339.0,64.0,16.0,214.0,2.0,736.0,612.0,3.0,0.7559775100000001,0.0,29.0,0.0,1.0,0.0
55.0,Benfica,407139.0,Paulo Bernardo,778.0,40.0,38.0,96.0,17.0,432.0,365.0,25.0,1.13099799,16.0,45.0,2.0,11.0,2.0
55.0,Famalicao,400827.0,Abdul Wahab Ibrahim,-1.0,1.0,0.0,2.0,0.0,3.0,2.0,0.0,0.00470578,0.0,0.0,0.0,0.0,0.0
55.0,Gil-Vicente,383996.0,Henrique Gomes,235.0,16.0,17.0,26.0,4.0,152.0,118.0,6.0,0.10576226,8.0,8.0,0.0,3.0,1.0
55.0,Porto,431416.0,João Mendes,9.0,0.0,1.0,0.0,0.0,4.0,3.0,0.0,0.00560805,1.0,0.0,0.0,0.0,0.0
56.0,Braga,407948.0,Schurrle,8.0,0.0,0.0,0.0,0.0,4.0,3.0,0.0,-0.02770335,0.0,0.0,0.0,0.0,0.0
57.0,Benfica,437686.0,Sandro Cruz,162.0,8.0,5.0,28.0,0.0,87.0,75.0,1.0,0.09872939,1.0,6.0,0.0,1.0,0.0
57.0,Braga,402823.0,Rodrigo Gomes,742.0,8.0,51.0,69.0,11.0,249.0,175.0,36.0,-0.1119694199999995,20.0,5.0,6.0,2.0,2.0
57.0,Gil-Vicente,397499.0,Matheus Bueno,645.0,25.0,34.0,45.0,8.0,305.0,226.0,11.0,0.9743350199999998,12.0,39.0,3.0,14.0,6.0
57.0,Sporting,425093.0,Geny Catamo,31.0,1.0,5.0,5.0,0.0,22.0,17.0,1.0,-0.04336492,0.0,0.0,1.0,0.0,0.0
58.0,Estoril,380656.0,Romário Baró,468.0,5.0,24.0,27.0,10.0,116.0,83.0,19.0,0.0770737299999998,9.0,15.0,1.0,1.0,2.0
60.0,Arouca,43205.0,Marco Soares,22.0,3.0,0.0,4.0,0.0,18.0,14.0,0.0,0.08453663,0.0,1.0,0.0,1.0,0.0
60.0,Maritimo,368411.0,Pedro Pelágio,1087.0,36.0,17.0,135.0,6.0,414.0,306.0,14.0,1.2319978,6.0,29.0,0.0,10.0,1.0
60.0,Vizela,429152.0,Emmanuel Maviram,29.0,1.0,0.0,5.0,0.0,13.0,8.0,0.0,-0.0012689599999999,0.0,1.0,0.0,0.0,0.0
62.0,Vitoria-de-Guimaraes,431674.0,Miguel Maga,1075.0,82.0,33.0,136.0,5.0,614.0,483.0,11.0,1.6332930900000002,12.0,44.0,2.0,10.0,5.0
63.0,Sporting,425882.0,José Marsà,11.0,1.0,1.0,1.0,0.0,14.0,12.0,0.0,9.372999999999672e-05,0.0,1.0,0.0,0.0,0.0
64.0,Belenenses-SAD,355358.0,Rafael Camacho,877.0,21.0,55.0,59.0,15.0,242.0,180.0,32.0,0.8442283999999998,20.0,9.0,9.0,10.0,2.0
66.0,Maritimo,345713.0,Léo Andrade,1279.0,63.0,17.0,186.0,1.0,737.0,614.0,2.0,0.9181397399999996,1.0,26.0,0.0,0.0,1.0
66.0,Moreirense,421984.0,Rúben Ramos,373.0,11.0,13.0,40.0,3.0,204.0,156.0,5.0,0.1491836799999998,3.0,14.0,0.0,0.0,0.0
67.0,Braga,423976.0,Jean-Baptiste Gorby,209.0,7.0,8.0,28.0,2.0,160.0,139.0,4.0,0.1463212399999998,2.0,12.0,0.0,0.0,1.0
68.0,Sporting,384888.0,Daniel Bragança,763.0,41.0,42.0,109.0,22.0,605.0,549.0,29.0,1.1890634999999996,18.0,61.0,3.0,17.0,5.0
70.0,Braga,395940.0,Fabiano,1416.0,71.0,69.0,185.0,10.0,796.0,594.0,27.0,1.2053984099999997,20.0,40.0,6.0,19.0,4.0
70.0,Portimonense,381687.0,Iván Angulo,2377.0,47.0,121.0,217.0,43.0,654.0,528.0,102.0,1.2075694199999991,36.0,45.0,32.0,13.0,6.0
70.0,Porto,424768.0,Gonçalo Borges,8.0,1.0,2.0,1.0,0.0,4.0,4.0,0.0,-0.00999519,0.0,0.0,1.0,1.0,0.0
70.0,Tondela,354410.0,Rafael Barbosa,1733.0,59.0,62.0,123.0,23.0,703.0,496.0,50.0,2.06735433,27.0,72.0,8.0,20.0,1.0
70.0,Vitoria-de-Guimaraes,322246.0,André Almeida,1823.0,71.0,104.0,177.0,48.0,776.0,658.0,76.0,1.4535526,43.0,86.0,2.0,20.0,6.0
70.0,Vizela,426917.0,Alejandro Alvarado Jr.,57.0,0.0,1.0,11.0,0.0,24.0,13.0,0.0,-0.0143883,0.0,0.0,0.0,0.0,0.0
71.0,Porto,396701.0,Francisco Meixedo,2.0,0.0,0.0,0.0,0.0,3.0,3.0,0.0,-0.00602815,0.0,0.0,0.0,0.0,0.0
71.0,Sporting,411913.0,Flávio Názinho,75.0,5.0,3.0,7.0,0.0,38.0,31.0,1.0,0.0519182299999999,1.0,3.0,0.0,0.0,0.0
71.0,Sporting,411913.0,Názinho,23.0,2.0,5.0,0.0,0.0,17.0,16.0,1.0,-0.01667797,2.0,1.0,0.0,0.0,0.0
71.0,Vitoria-de-Guimaraes,409025.0,Luís Esteves,36.0,4.0,0.0,5.0,0.0,34.0,25.0,0.0,0.36733128,0.0,3.0,0.0,3.0,1.0
72.0,Arouca,416503.0,Thales,2713.0,286.0,66.0,332.0,9.0,1614.0,1169.0,19.0,5.353762510000001,30.0,133.0,5.0,45.0,8.0
72.0,Benfica,426502.0,Tomás Araújo,93.0,5.0,3.0,14.0,1.0,61.0,55.0,1.0,0.07743385,0.0,2.0,0.0,0.0,0.0
72.0,Tondela,394932.0,Eduardo Quaresma,1542.0,60.0,58.0,234.0,19.0,760.0,652.0,26.0,0.7816322899999993,4.0,41.0,0.0,1.0,0.0
73.0,Boavista,400990.0,Tiago Morais,321.0,7.0,10.0,23.0,4.0,82.0,54.0,8.0,0.7408461599999999,2.0,5.0,2.0,3.0,1.0
74.0,Braga,401060.0,Francisco Moura,1486.0,54.0,78.0,175.0,13.0,697.0,513.0,30.0,0.4954010399999994,21.0,33.0,11.0,6.0,3.0
75.0,Famalicao,422246.0,Geovani,74.0,0.0,2.0,10.0,1.0,17.0,12.0,2.0,0.0003598599999999,1.0,1.0,1.0,0.0,0.0
76.0,Benfica,438351.0,Martim Neto,22.0,3.0,5.0,4.0,0.0,18.0,15.0,0.0,0.0924626799999999,2.0,3.0,0.0,1.0,0.0
76.0,Braga,430434.0,Dinis Pinto,28.0,4.0,0.0,1.0,0.0,14.0,11.0,1.0,0.06038286,0.0,2.0,0.0,1.0,0.0
76.0,Portimonense,116103.0,Carlinhos,2291.0,151.0,104.0,262.0,41.0,1303.0,1076.0,69.0,4.28153622,36.0,146.0,3.0,42.0,5.0
76.0,Santa-Clara,300225.0,Hamidou Keyta,72.0,0.0,2.0,4.0,0.0,18.0,13.0,4.0,-0.04797977,1.0,0.0,1.0,0.0,1.0
76.0,Vitoria-de-Guimaraes,422205.0,Tomás Händel,1040.0,25.0,38.0,96.0,5.0,512.0,423.0,6.0,0.0901659699999995,7.0,32.0,0.0,0.0,0.0
77.0,Belenenses-SAD,369410.0,Bertrand Yves Baraye,1061.0,21.0,63.0,121.0,19.0,284.0,189.0,55.0,0.65317699,17.0,14.0,13.0,5.0,5.0
77.0,Benfica,130432.0,Helton Leite,180.0,2.0,0.0,5.0,0.0,43.0,33.0,0.0,-0.00028273,0.0,0.0,0.0,0.0,0.0
77.0,Boavista,395938.0,Luís Santos,596.0,11.0,22.0,69.0,11.0,214.0,149.0,23.0,0.0971546399999996,8.0,10.0,1.0,1.0,0.0
77.0,Famalicao,409654.0,Pablo,177.0,0.0,1.0,13.0,3.0,21.0,18.0,3.0,-0.0089769799999997,2.0,1.0,0.0,0.0,0.0
77.0,Gil-Vicente,244655.0,Murilo Souza,845.0,26.0,68.0,83.0,32.0,359.0,261.0,60.0,0.86509502,18.0,17.0,10.0,15.0,4.0
77.0,Moreirense,122089.0,Paulinho,2321.0,181.0,85.0,186.0,15.0,1048.0,662.0,43.0,6.435473550000001,36.0,110.0,8.0,42.0,6.0
77.0,Pacos-de-Ferreira,384889.0,Nuno Santos,2373.0,127.0,79.0,213.0,19.0,1124.0,889.0,50.0,3.1503303500000004,25.0,125.0,3.0,36.0,5.0
77.0,Portimonense,342996.0,Aylton Boa Morte,1115.0,15.0,63.0,74.0,23.0,253.0,182.0,47.0,0.3116228700000001,19.0,14.0,12.0,10.0,2.0
77.0,Portimonense,432110.0,Adewale Sapara,56.0,4.0,2.0,4.0,5.0,19.0,16.0,6.0,0.3798452699999999,1.0,2.0,1.0,1.0,1.0
77.0,Santa-Clara,351562.0,Rui Costa,1976.0,29.0,50.0,111.0,29.0,411.0,270.0,84.0,0.5813003999999998,22.0,23.0,9.0,8.0,7.0
78.0,Arouca,407140.0,Tiago Araújo,473.0,31.0,18.0,64.0,3.0,223.0,152.0,7.0,1.27027628,8.0,14.0,3.0,10.0,3.0
78.0,Braga,422007.0,Roger Fernandes,115.0,2.0,17.0,12.0,1.0,53.0,37.0,8.0,-0.03564865,3.0,0.0,4.0,1.0,0.0
78.0,Estoril,437622.0,Duarte Carvalho,14.0,1.0,0.0,3.0,1.0,4.0,3.0,1.0,0.01511234,0.0,1.0,0.0,0.0,0.0
79.0,Boavista,422313.0,Pedro Malheiro,889.0,48.0,33.0,149.0,11.0,412.0,296.0,29.0,0.6199676899999997,10.0,18.0,2.0,7.0,0.0
79.0,Braga,407126.0,Bernardo Couto,-6.0,0.0,0.0,0.0,0.0,0.0,0.0,0.0,0.0,0.0,0.0,0.0,0.0,0.0
79.0,Vitoria-de-Guimaraes,422206.0,Herculano Nabian,55.0,1.0,3.0,2.0,3.0,8.0,5.0,4.0,0.0073974500000001,1.0,0.0,1.0,0.0,0.0
79.0,Vizela,421851.0,Nuno Moreira,1752.0,96.0,83.0,163.0,35.0,612.0,406.0,70.0,5.26167091,32.0,52.0,10.0,50.0,10.0
80.0,Famalicao,369715.0,Lawrence Ofori,153.0,4.0,10.0,26.0,1.0,78.0,70.0,2.0,0.0620787599999998,4.0,13.0,0.0,0.0,0.0
80.0,Tondela,395962.0,Arcanjo,115.0,9.0,13.0,12.0,2.0,68.0,54.0,6.0,0.2916892099999996,4.0,5.0,0.0,2.0,0.0
80.0,Vitoria-de-Guimaraes,437999.0,Dani Silva,21.0,1.0,1.0,2.0,0.0,11.0,10.0,0.0,0.01142376,0.0,1.0,0.0,0.0,0.0
81.0,Braga,437225.0,Edu,-2.0,0.0,0.0,0.0,0.0,0.0,0.0,0.0,0.0,0.0,0.0,0.0,0.0,0.0
82.0,Vizela,416045.0,Tomás Silva,27.0,1.0,3.0,5.0,0.0,19.0,11.0,2.0,-0.0175850399999999,1.0,1.0,0.0,0.0,0.0
83.0,Benfica,361726.0,Gedson Fernandes,50.0,1.0,2.0,10.0,1.0,41.0,36.0,3.0,0.0252968799999999,0.0,2.0,0.0,0.0,0.0
84.0,Sporting,411914.0,Dário Essugo,45.0,0.0,1.0,9.0,1.0,20.0,17.0,1.0,-0.0117109799999999,1.0,0.0,0.0,0.0,0.0
84.0,Vizela,421849.0,Ivo Gonçalves,180.0,2.0,0.0,0.0,0.0,14.0,8.0,0.0,0.01372578,0.0,0.0,0.0,0.0,0.0
85.0,Portimonense,370001.0,Bruno Reis,65.0,2.0,2.0,6.0,1.0,21.0,18.0,1.0,0.0333561999999999,0.0,2.0,0.0,1.0,0.0
86.0,Braga,407950.0,Bruno Rodrigues,645.0,20.0,10.0,81.0,0.0,370.0,313.0,0.0,0.1400036999999999,0.0,6.0,0.0,0.0,0.0
87.0,Boavista,410563.0,Fran,-3.0,0.0,0.0,0.0,0.0,0.0,0.0,0.0,0.0,0.0,0.0,0.0,0.0,0.0
87.0,Moreirense,15834.0,Kevin Mirallas,296.0,10.0,16.0,18.0,2.0,102.0,79.0,4.0,0.1903390000000001,7.0,8.0,1.0,5.0,1.0
87.0,Sporting,421842.0,Gonçalo Esteves,230.0,4.0,11.0,13.0,6.0,66.0,57.0,9.0,0.0689095699999998,2.0,3.0,2.0,2.0,2.0
87.0,Vizela,280347.0,Charles,1260.0,54.0,1.0,22.0,0.0,404.0,280.0,0.0,0.3902549799999996,0.0,8.0,0.0,1.0,0.0
88.0,Belenenses-SAD,121490.0,Licá,401.0,4.0,11.0,26.0,0.0,70.0,45.0,2.0,0.4174159799999999,1.0,4.0,0.0,2.0,1.0
88.0,Benfica,395802.0,Gonçalo Ramos,1608.0,24.0,60.0,100.0,22.0,501.0,400.0,54.0,0.4499106699999999,23.0,25.0,8.0,19.0,8.0
88.0,Braga,35405.0,Castro,1152.0,39.0,36.0,125.0,5.0,566.0,446.0,9.0,0.5110107400000004,10.0,47.0,1.0,7.0,1.0
88.0,Famalicao,344716.0,Pêpê,2760.0,235.0,102.0,302.0,19.0,1803.0,1469.0,33.0,10.88680378,32.0,202.0,6.0,80.0,17.0
88.0,Maritimo,422004.0,Rodrigo Andrade,4.0,0.0,0.0,2.0,0.0,6.0,3.0,1.0,-0.0109786399999999,1.0,0.0,0.0,0.0,0.0
88.0,Moreirense,401148.0,Gonçalo Franco,1141.0,33.0,19.0,122.0,12.0,399.0,299.0,22.0,0.3209416399999995,7.0,31.0,2.0,6.0,0.0
88.0,Tondela,322763.0,Pedro Trigueira,2597.0,197.0,3.0,55.0,0.0,1041.0,682.0,0.0,1.4377601800000004,0.0,32.0,0.0,0.0,0.0
88.0,Vitoria-de-Guimaraes,135638.0,Tiago Silva,1990.0,151.0,53.0,207.0,13.0,1106.0,884.0,37.0,4.89912562,17.0,137.0,2.0,37.0,5.0
90.0,Boavista,259313.0,Alireza Beyranvand,135.0,12.0,0.0,5.0,0.0,48.0,26.0,0.0,0.08694842,0.0,0.0,0.0,0.0,0.0
90.0,Boavista,259313.0,Alireza Safar Beiranvand,540.0,24.0,0.0,16.0,4.0,229.0,148.0,4.0,0.1721977599999997,0.0,5.0,0.0,0.0,0.0
90.0,Braga,347204.0,Galeno,954.0,33.0,101.0,92.0,21.0,400.0,295.0,50.0,0.7965564999999999,27.0,15.0,32.0,16.0,10.0
90.0,Estoril,421897.0,Gilson Tavares,7.0,0.0,0.0,1.0,0.0,5.0,4.0,0.0,-0.0283049,0.0,0.0,0.0,0.0,0.0
90.0,Famalicao,96207.0,Diogo Figueiras,1269.0,79.0,47.0,155.0,10.0,669.0,479.0,15.0,2.550549230000001,16.0,42.0,6.0,13.0,2.0
90.0,Santa-Clara,342367.0,Patrick,2.0,1.0,1.0,0.0,1.0,6.0,4.0,1.0,0.0141593099999999,1.0,1.0,0.0,0.0,0.0
90.0,Vizela,431409.0,Friday Etim,21.0,0.0,1.0,0.0,0.0,3.0,1.0,1.0,0.0,0.0,0.0,1.0,0.0,0.0
91.0,Benfica,376916.0,Morato,1011.0,54.0,97.0,120.0,7.0,755.0,684.0,10.0,1.07275707,13.0,78.0,0.0,3.0,0.0
91.0,Braga,415682.0,Lukas Hornicek,180.0,7.0,0.0,5.0,0.0,35.0,29.0,0.0,0.0572513,0.0,2.0,0.0,0.0,0.0
91.0,Famalicao,361962.0,Heriberto Tavares,756.0,24.0,51.0,77.0,9.0,235.0,143.0,21.0,0.9986793699999996,17.0,13.0,5.0,11.0,4.0
91.0,Portimonense,422211.0,Renato Júnior,329.0,1.0,9.0,24.0,6.0,70.0,49.0,13.0,-0.1908903599999997,4.0,1.0,3.0,3.0,0.0
91.0,Sporting,434076.0,Rodrigo Ribeiro,39.0,0.0,3.0,3.0,2.0,7.0,6.0,2.0,0.0080727699999999,1.0,1.0,1.0,0.0,0.0
91.0,Vitoria-de-Guimaraes,412912.0,Hélder Sá,498.0,19.0,22.0,68.0,6.0,284.0,221.0,9.0,0.5973360099999998,4.0,12.0,0.0,6.0,0.0
92.0,Estoril,322665.0,António Xavier,647.0,12.0,36.0,61.0,12.0,190.0,129.0,17.0,0.6592948099999997,14.0,3.0,1.0,8.0,1.0
93.0,Gil-Vicente,132844.0,Élder Santana,316.0,0.0,5.0,20.0,0.0,49.0,31.0,2.0,-0.0502914499999996,3.0,1.0,1.0,0.0,1.0
93.0,Maritimo,114188.0,Henrique,831.0,17.0,52.0,88.0,10.0,219.0,161.0,36.0,-0.0051259999999997,18.0,12.0,9.0,4.0,0.0
93.0,Portimonense,130506.0,Welinton Júnior,834.0,7.0,35.0,38.0,14.0,150.0,100.0,36.0,-0.0847291799999998,15.0,6.0,8.0,3.0,1.0
94.0,Maritimo,329366.0,Vitor Costa,2556.0,175.0,123.0,382.0,30.0,1557.0,1200.0,43.0,3.310322740000001,31.0,87.0,4.0,28.0,7.0
94.0,Portimonense,310029.0,Samuel,2700.0,249.0,14.0,62.0,4.0,1259.0,819.0,4.0,1.6088588499999996,0.0,37.0,0.0,0.0,0.0
95.0,Benfica,363077.0,Carlos Vinícius,7.0,0.0,0.0,1.0,0.0,2.0,1.0,0.0,-0.0027939199999999,0.0,0.0,0.0,0.0,0.0
95.0,Maritimo,241843.0,Joel Tagueu,1570.0,15.0,24.0,82.0,12.0,307.0,225.0,18.0,-0.0408761699999997,8.0,19.0,9.0,5.0,2.0
95.0,Santa-Clara,92825.0,Pierre Sagna,1031.0,57.0,28.0,132.0,3.0,505.0,367.0,5.0,1.40496507,8.0,24.0,1.0,10.0,3.0
95.0,Vizela,328509.0,Guilherme Schettine,1557.0,32.0,49.0,85.0,14.0,365.0,259.0,32.0,0.98923739,24.0,24.0,7.0,18.0,6.0
96.0,Benfica,438349.0,Diego Moreira,22.0,1.0,1.0,2.0,0.0,6.0,5.0,1.0,0.07073438,0.0,0.0,0.0,1.0,1.0
96.0,Braga,430433.0,Miguel Falé,249.0,8.0,4.0,21.0,4.0,87.0,64.0,9.0,0.2244552199999999,2.0,3.0,1.0,2.0,1.0
97.0,Arouca,357466.0,Fernando Castro,619.0,23.0,2.0,15.0,0.0,247.0,163.0,0.0,0.2369690799999999,0.0,11.0,0.0,0.0,0.0
97.0,Estoril,356232.0,Patrick Willian,1035.0,57.0,125.0,122.0,2.0,789.0,684.0,3.0,0.8263498799999999,8.0,69.0,0.0,0.0,0.0
97.0,Santa-Clara,395400.0,Rodolfo Cardoso,6.0,0.0,0.0,0.0,0.0,1.0,1.0,0.0,-0.00204133,0.0,0.0,0.0,0.0,0.0
98.0,Pacos-de-Ferreira,412160.0,Igor Vekic,90.0,1.0,0.0,0.0,0.0,3.0,3.0,0.0,-0.00056053,0.0,0.0,0.0,0.0,0.0
98.0,Santa-Clara,422200.0,Ricardinho,2165.0,34.0,86.0,177.0,34.0,532.0,414.0,79.0,1.2447902899999996,25.0,44.0,14.0,11.0,3.0
98.0,Vitoria-de-Guimaraes,297541.0,Nicolas Janvier,1072.0,84.0,41.0,123.0,7.0,665.0,551.0,14.0,2.87147702,14.0,83.0,0.0,27.0,7.0
99.0,Arouca,406253.0,Bruno Marques,247.0,3.0,7.0,16.0,2.0,52.0,24.0,4.0,0.1245093799999998,2.0,4.0,3.0,1.0,0.0
99.0,Belenenses-SAD,423460.0,Álvaro Ramalho,270.0,12.0,0.0,5.0,0.0,52.0,30.0,0.0,0.06694333,0.0,0.0,0.0,0.0,0.0
99.0,Benfica,110273.0,Odysseas Vlachodimos,2880.0,56.0,4.0,48.0,0.0,997.0,848.0,0.0,0.139762289999999,0.0,7.0,0.0,0.0,0.0
99.0,Braga,407949.0,Vítor Oliveira,1523.0,14.0,73.0,102.0,34.0,358.0,248.0,69.0,0.8506494599999999,24.0,15.0,16.0,12.0,5.0
99.0,Estoril,331191.0,Daniel Figueira,2160.0,78.0,5.0,43.0,0.0,1085.0,879.0,0.0,0.37364816,0.0,18.0,0.0,0.0,0.0
99.0,Famalicao,429957.0,Amarildo Junior,-5.0,0.0,0.0,0.0,0.0,0.0,0.0,0.0,0.0,0.0,0.0,0.0,0.0,0.0
99.0,Gil-Vicente,422311.0,André Liberal,4.0,0.0,1.0,1.0,0.0,3.0,0.0,0.0,0.0,0.0,0.0,0.0,0.0,0.0
99.0,Moreirense,135347.0,Rafael Martins,2402.0,22.0,26.0,131.0,9.0,489.0,309.0,18.0,0.2138805900000002,9.0,21.0,3.0,7.0,4.0
99.0,Pacos-de-Ferreira,137121.0,Douglas Tanque,143.0,0.0,9.0,16.0,2.0,42.0,27.0,9.0,-0.0103032400000001,2.0,5.0,1.0,0.0,1.0
99.0,Portimonense,425384.0,Abraham Marcus,82.0,3.0,5.0,9.0,2.0,21.0,19.0,2.0,0.0893355099999999,1.0,3.0,0.0,1.0,1.0
99.0,Porto,373842.0,Diogo Costa,2967.0,130.0,4.0,48.0,0.0,1224.0,936.0,0.0,1.0435477699999995,0.0,41.0,0.0,1.0,0.0
99.0,Santa-Clara,361916.0,Marco Pereira,2520.0,190.0,9.0,32.0,1.0,1017.0,644.0,1.0,1.725040110000001,0.0,50.0,0.0,0.0,0.0
99.0,Tondela,382161.0,Babacar Niasse,463.0,22.0,0.0,10.0,0.0,197.0,134.0,0.0,0.1715389299999999,0.0,4.0,0.0,0.0,0.0
99.0,Vizela,421845.0,Francis Cann,205.0,6.0,8.0,21.0,4.0,66.0,44.0,6.0,0.1090605700000001,3.0,6.0,1.0,2.0,0.0
